Id,Predictions
1,1998.1213685436817
2,1999.7711898422442
3,1988.9532442291224
4,1990.0456135964166
5,2000.4400252896999
6,1997.1253671620395
7,2003.3128936206401
8,1986.8891599054884
9,1989.1249864559154
10,2001.863363529545
11,1990.7290085844352
12,2001.112638470301
13,1994.2706998114684
14,1991.587586231003
15,1995.7661849558726
16,1992.2534246162493
17,2001.331221503006
18,1992.609930263437
19,1988.0502475467274
20,1982.8610158539257
21,2005.8094587150902
22,1991.559064059023
23,1991.6037193377495
24,1998.2816238807197
25,1999.2145532693419
26,1991.8422589338747
27,1993.3625584115614
28,1999.549743454016
29,1993.7165614400167
30,1993.9516111051591
31,1997.7106008465398
32,1984.5085530879098
33,1994.660641866717
34,1987.4448902578906
35,1998.6164085330486
36,1987.9793533815057
37,1987.3069262434603
38,1995.6062289954987
39,1990.8934770218518
40,2001.1827612216887
41,1993.4714139144057
42,1991.6508124614609
43,1994.6599064321836
44,1990.5671264948562
45,1986.2784978484
46,1985.6951902623412
47,1987.1881555265254
48,1990.621111071743
49,1987.4187999057986
50,1995.6959790924657
51,1986.1675608125481
52,1988.6090274766507
53,1987.3354215739537
54,1992.5811104396314
55,1998.3988094107692
56,1995.5961373576422
57,1997.2218994001107
58,2006.624209574379
59,1988.887964741419
60,1997.8309448992056
61,1981.9450638484075
62,1998.2840725513036
63,1989.5436780671878
64,1994.303537621651
65,2001.67228329378
66,1998.7134540053983
67,2006.609813511955
68,2010.2338815983424
69,1988.1226698803105
70,1997.510533766544
71,1983.2822497604343
72,2003.0195449201562
73,2002.1099524463973
74,1983.2680763340013
75,1983.1073802690887
76,1998.5553870577385
77,1984.1444901539812
78,1990.7325385987
79,1986.3436242627042
80,1984.759551141989
81,2007.4114883733491
82,1986.8039802842713
83,1989.7047772913534
84,1988.3643812514824
85,2001.728518841799
86,1981.744769183371
87,1990.2089405503143
88,1988.3864151924163
89,1996.3731484121274
90,1991.7385737125144
91,1992.1906370080205
92,1981.6628707089867
93,1998.0156445898565
94,1982.8762501622664
95,1999.304324208919
96,1997.1299845665842
97,1996.1027403556334
98,2002.917260083111
99,2004.047665146249
100,1986.7402657491732
101,1989.190752619935
102,1995.7989626563678
103,1987.139354133674
104,1987.7208735626816
105,1994.6552125425042
106,1999.7385077908814
107,1979.6930897097295
108,1991.3033795834338
109,1989.07854091697
110,1983.118163626629
111,2004.736436419829
112,1993.5694538719756
113,1990.1517626688901
114,1985.678803267017
115,1984.976157862685
116,1999.7042166314056
117,1993.4555849168933
118,1992.4826921946722
119,1990.4557465530102
120,1998.0908907747369
121,2003.592159738342
122,1996.2324530201308
123,1983.9791295708524
124,1991.88828597026
125,2003.0398342579608
126,1995.4273437455802
127,1992.247390045815
128,1981.228948198447
129,1985.5998248944609
130,1995.2039667489346
131,1987.0969656755492
132,1983.7436301123998
133,1992.2388038149586
134,1993.1643235097374
135,1989.6657964233111
136,2003.821847578722
137,1998.9195101805174
138,1995.1332413739508
139,1997.2321022173821
140,1987.6611963906014
141,1983.6526356358015
142,1977.4077913779815
143,1983.9513500489934
144,1987.7660780303247
145,1989.0860129675557
146,1986.5274775872756
147,1997.7918288342141
148,1984.6043238299187
149,1998.428370885816
150,1997.9949737222325
151,2001.6901369226064
152,2003.9391377954817
153,1991.8772822839844
154,1994.6217314744201
155,1984.3842570708023
156,1988.60542926441
157,1993.6839583086787
158,1988.5077119730406
159,2002.1044383680442
160,2001.3244907757369
161,1994.8286453779242
162,1997.8090283038666
163,1995.7330566560665
164,1992.6678592498502
165,1997.888422303822
166,1992.9164234515586
167,1990.542081207568
168,1987.8411954408898
169,1984.2922528377483
170,1992.791308567227
171,1993.705680408571
172,2012.3006364177384
173,1988.0316563118336
174,1997.5424816881052
175,1991.434909374955
176,1989.931713636743
177,1997.8140364461035
178,1990.872428002605
179,1987.7318118988037
180,1992.3147324788533
181,1991.2866136259363
182,1988.4211899077345
183,2005.1365121168237
184,1996.2431236113077
185,2001.1846946467394
186,2003.9541590073688
187,1990.5505272352477
188,1999.4767577710325
189,1986.208707122153
190,1987.4502095124615
191,1995.9602377402916
192,1985.8147881662928
193,1994.6864956573893
194,1988.1636089816595
195,1984.8605087335607
196,1979.2062323322905
197,1997.133913354054
198,1992.668384389751
199,1982.7262243974885
200,1999.9952445948663
201,1985.7502693645074
202,1989.6707021381521
203,1996.167153630963
204,1990.513078873357
205,1992.7734137681211
206,1995.3130558171742
207,2003.4954636948191
208,2002.5441977599057
209,1991.4825097368296
210,1992.7563368149436
211,1995.8794058475096
212,1987.5130892302936
213,1996.3293214046098
214,1998.569299659571
215,1998.6110828243743
216,1993.975204180508
217,1992.0209103295217
218,1983.6370614718146
219,1993.341968639226
220,1986.7421386316548
221,1995.7809489508538
222,1989.5056914718778
223,1984.7681622781954
224,1984.7494772419539
225,1978.8997080024121
226,1997.7941039328712
227,1985.5683318388271
228,1984.5364648083907
229,1982.7933012899668
230,1995.3428913205773
231,1991.8022189341964
232,2006.490644516991
233,1983.9101113238055
234,2003.090899428041
235,1999.9248064106762
236,1985.669627187694
237,1978.493937841267
238,1985.1476509910754
239,1992.8111836435548
240,1988.1373525048357
241,1999.8294933658938
242,1997.5933464844975
243,1983.390754657065
244,1990.636914930024
245,1998.2906468652993
246,1992.9133258418121
247,2002.4634514770623
248,1996.6935540973732
249,2000.1523122439592
250,1999.6251701473639
251,1990.2042040245856
252,1995.8644318119966
253,1982.6647076419868
254,2000.023619035127
255,1994.7444913166778
256,1988.5777138483174
257,1976.471875347581
258,1981.6932230981545
259,1983.541081933392
260,1995.5709153700227
261,1996.260206060858
262,2007.1113790808433
263,1984.2851727686193
264,1990.1022636603477
265,1993.9696164631262
266,1994.0792710325068
267,1984.372833561898
268,1983.730797264119
269,1995.6721983875634
270,1986.1959640627608
271,2000.3680151461779
272,1990.009867062054
273,1992.338535511413
274,1992.0729336240267
275,1992.83451113573
276,1992.0865147677457
277,1983.294693782702
278,1994.6661697082375
279,1994.9419323074394
280,1988.9831414086414
281,1986.694334002052
282,2003.8445213897382
283,2004.861207962206
284,2000.1567091623726
285,1983.6559486560848
286,2003.747849794236
287,1996.2775898745865
288,1991.24233440687
289,1982.2485791262802
290,1999.675586555987
291,1988.7013280293465
292,1992.9486542642665
293,1984.9564711817686
294,2002.1578099378326
295,1993.4930087173936
296,1988.0006991679882
297,1987.6501583596335
298,1994.7574188872977
299,1996.2017453918227
300,2000.9467501096776
301,1991.777032106693
302,1994.879517301848
303,1999.3077789390518
304,2002.2389971184045
305,1983.8262258985608
306,1987.7421745135578
307,1982.5641804956374
308,1997.2471879869943
309,1994.1852211747341
310,2003.3012703053307
311,2003.0451076421884
312,1983.1273461312815
313,1993.7755552796955
314,2007.0253484110724
315,1996.2421521885342
316,1985.5234037647695
317,1990.891292500547
318,1996.020896642924
319,1984.0477649594184
320,1989.2914242035533
321,1994.3809819005544
322,1988.8755040464955
323,2006.0021887269247
324,1985.2046580895246
325,1991.7799709033393
326,2001.1871675965956
327,1989.9693133857825
328,1986.4771335776543
329,1997.0505568755977
330,1990.8764812362772
331,1985.9885616909835
332,1989.0370445985218
333,1997.0686025928208
334,2000.3761702711179
335,1989.4080790694104
336,1985.7137915912233
337,1982.6371824120258
338,1990.030162613454
339,1992.9148446726556
340,2000.9105952364582
341,1992.6619646001952
342,1986.646328701811
343,1985.7351583361485
344,2000.9501026055113
345,1983.7834067463186
346,2000.9408560533145
347,2002.1409695795453
348,2002.7333458396631
349,1998.150674581753
350,2008.5123160815335
351,1991.2494659128813
352,1990.7716410450842
353,2008.316415266897
354,1984.1097120384088
355,1995.2013700954838
356,2002.0151614704437
357,1996.3788696042482
358,1980.3142666589315
359,1984.0967087219353
360,1992.1838600488395
361,1994.610110662441
362,1997.4115684578487
363,1990.5665343260434
364,1988.248373141147
365,1990.260684768938
366,1989.656389405167
367,1993.4981070567806
368,1994.575904224682
369,1988.8224035487046
370,1994.6104708774562
371,1993.2993360025819
372,1989.702491777702
373,1988.5634752738313
374,2002.5906257042705
375,1991.4541299977418
376,1990.6079785353875
377,2002.2429176532264
378,1988.2310961176815
379,1984.7124084734335
380,1990.1363876706807
381,1993.7912926568877
382,1985.187993387578
383,1989.6237376238316
384,1985.8420165525242
385,1986.6010474270797
386,1986.4236853610266
387,1991.9327634598478
388,2002.4721174824501
389,1993.6779607837218
390,1991.1990953238385
391,1983.9405552975277
392,1990.85911924663
393,1996.7184241231894
394,1996.016670658775
395,1999.3924151869671
396,1995.8569118567173
397,2001.4107693427507
398,1989.220353917992
399,1987.6086195264959
400,1991.331169474913
401,1997.0664443486041
402,1981.3870887130226
403,1981.8200012217253
404,1995.0480644951656
405,1992.5390584441084
406,2001.2376111681099
407,2003.417540111411
408,1988.0376708544643
409,1997.9445810033938
410,1998.0164126588531
411,1997.4042287298578
412,1988.218870253065
413,1997.4676782452095
414,1998.2568341816632
415,1994.5605783609203
416,1992.936745927979
417,1992.4770093465381
418,1998.2454005899558
419,1983.2554978015469
420,1983.347572885595
421,1988.8642824474039
422,1986.6126472115982
423,1987.4361733621442
424,2003.5423918016675
425,1981.200509625256
426,1985.79578237519
427,2004.3585187100073
428,1992.3367310082367
429,1986.8754588771967
430,1987.739312127658
431,1990.8580685438894
432,1984.239905392887
433,1991.9155335209146
434,1999.058361724267
435,1993.6594011929246
436,1988.4692006614448
437,1991.6531503558424
438,1985.8386992744004
439,1998.872310334996
440,1983.7768779341075
441,1999.2698141936496
442,1984.1066332608318
443,1987.7205612110088
444,2004.7896784069019
445,1989.3651212419772
446,1995.7753421424793
447,1991.7863598049742
448,1986.061405143342
449,1999.4302226533512
450,1995.0988571042008
451,1988.7576555986752
452,1995.1725546445473
453,1989.7193296014057
454,1986.7525099054274
455,1986.764915130558
456,1986.7015945574306
457,1988.4745115939647
458,1996.0638680516145
459,1986.4034442024158
460,1997.8797372376973
461,2001.4011028213692
462,2001.5675465356703
463,1992.727443801785
464,2001.2436378283683
465,1989.6053295315671
466,2010.0616262930564
467,2001.719640267781
468,1997.8520922660082
469,1992.2500831341
470,1990.6961718955058
471,2009.7300633638345
472,1987.299495211962
473,1987.0339549421171
474,1985.956306468869
475,2000.3423773038262
476,1995.1563989418175
477,1989.5200615492843
478,1985.8672418137164
479,1998.0906359551122
480,2004.736288090413
481,1992.242582528054
482,1996.592940291601
483,1989.7455357069293
484,1986.2729358548643
485,1989.5491795111068
486,1987.2261724599534
487,1997.8710442115253
488,2000.9301031743714
489,2001.630984148962
490,1997.0833039724373
491,1993.510058552014
492,1987.8726621332974
493,1995.303935706044
494,1994.915896027068
495,1992.7668951151084
496,2001.0067602554686
497,1991.1188394897501
498,1994.7762658905356
499,1992.282622528889
500,1995.571638169476
501,1991.0847173225536
502,1994.0066286554713
503,1983.6320977756798
504,2004.8792736086386
505,1994.4639626996848
506,1986.3145005073607
507,1991.3870016608291
508,1983.3923307749824
509,1993.478346336982
510,1999.682520821623
511,1991.424252537821
512,1995.0786031150385
513,1986.4758977499669
514,1987.9471075210022
515,1991.4367352887755
516,1987.9356937543137
517,1993.580703391218
518,1992.1628025958232
519,1993.2151933920463
520,1990.5356551495495
521,1994.8085129084632
522,1985.6937141491637
523,1989.8249435563991
524,1990.0209782126692
525,1995.8281518067904
526,2006.1947029606624
527,1985.0543055777855
528,1993.9642131742928
529,1995.0164041663668
530,1994.316452627411
531,1992.5150940950514
532,1993.7917469269128
533,1997.32911230706
534,1994.6980386809805
535,1997.19166128309
536,1984.1413969892449
537,1997.3864252317078
538,2003.892237486799
539,2003.3068524674675
540,1995.3232561631096
541,1993.9962187746419
542,2003.1837443619213
543,2000.9465011133052
544,1992.2581556729765
545,1990.8516052282416
546,1996.4083768913843
547,1991.3092922709652
548,1984.7708774550656
549,1992.5931840414617
550,2005.9587585373558
551,1989.7827412523236
552,1994.305614260362
553,1997.6684912353446
554,1985.240837902472
555,1992.426330932031
556,1976.4255462921224
557,1994.382085040111
558,1986.617406055253
559,1987.9895444968959
560,2001.3359383901427
561,1970.1575271434942
562,1998.7714793311684
563,1994.0117993357817
564,1997.7178678462444
565,1994.144411303977
566,1992.2762936071986
567,1992.8396576720304
568,1986.7953079185027
569,1987.0916068046358
570,1989.8586173543292
571,1986.7303564867245
572,1992.7496443116413
573,1991.4780947771114
574,2000.2922661423636
575,1986.776519020564
576,1989.7906530502312
577,1992.1691269704502
578,1990.706460928561
579,1995.7761489851284
580,1992.0902480968
581,2008.8419631078784
582,1996.2721582597176
583,1988.4732352209005
584,1984.4274605464966
585,1994.9360024651594
586,2002.1391765589042
587,1995.3529313952304
588,1993.0293392800047
589,1992.090356965138
590,2004.4415609583918
591,1982.168244068871
592,1994.411727298535
593,1987.5302346035437
594,1992.0251519794488
595,1980.712244832203
596,2002.6944010366342
597,2000.8793063460196
598,1991.1663410936033
599,1990.3205169909056
600,1985.943255446183
601,1992.987822413644
602,1994.9400605256926
603,1989.7829664274352
604,1995.8664143587068
605,1996.62781712015
606,1982.530765412004
607,1997.6997664169955
608,1998.2380844534039
609,2000.2140484115316
610,1996.7846242646845
611,1991.4124070913767
612,1996.1209265490438
613,1989.9104271049987
614,1990.701882033892
615,1992.8226524262661
616,1988.8155038170241
617,1999.7850388084603
618,2000.5535167551702
619,1994.4358112929617
620,1988.3865375519224
621,1998.042769257512
622,1985.4380696428318
623,2002.4121045585346
624,1991.8569973884328
625,1987.8984936810627
626,1986.4573463963977
627,1993.5034285745664
628,1999.50048465866
629,1987.1067252836672
630,2006.7129557395658
631,1998.469005035032
632,1985.7886083993992
633,1991.0043536171847
634,1989.5793827897874
635,1993.2405348070176
636,1982.614941722848
637,1988.9632751265392
638,1986.317014867541
639,1986.0396846375652
640,1984.766243598059
641,2002.1061929719212
642,1996.744087944009
643,2000.9619301840391
644,1988.3943375474541
645,2000.3396553006548
646,1991.6344917980116
647,1991.7397542996127
648,2002.0470316033623
649,1986.662996309237
650,1985.6038914802698
651,1990.2755104109171
652,1998.0309817547297
653,2000.1929545921328
654,1995.9834238800806
655,1998.3554997436902
656,1989.536603974677
657,1986.2379475525381
658,1996.0368710199166
659,1993.2938349199974
660,2001.2134396862468
661,1991.7806131904842
662,1989.9640364941645
663,2008.7344775011018
664,2004.4639029228622
665,2002.6321513413948
666,1992.5877564396028
667,1992.8050609485947
668,1995.763899386043
669,2001.6427176180202
670,2002.36545130318
671,1983.471897055214
672,1992.5230809643324
673,1995.8133736556972
674,2004.241518684915
675,1996.2676497827376
676,1989.495581430603
677,1995.9873498189572
678,1989.9391690691602
679,1990.719897726554
680,1993.8327084208195
681,1989.4742952907218
682,1990.4006514619962
683,1991.903055536736
684,1993.352530217522
685,1983.5452312746168
686,2001.272245971971
687,1992.4580745820624
688,1986.1620010016625
689,1994.4282133879194
690,1987.3674100766334
691,1990.6856388666115
692,1987.3954523995847
693,2002.7586336108525
694,1988.5009432972472
695,1988.2550951989356
696,1986.2298050708062
697,1985.8412778835882
698,1988.31570826173
699,2008.981996071753
700,1990.8242865671575
701,1987.859863562316
702,1984.865218990146
703,1995.403428920974
704,1980.0635284748516
705,1995.4969441342953
706,1993.8544995207924
707,2002.5633390570908
708,1999.0437033563453
709,1986.3761500347484
710,1989.3431242340741
711,1993.34364466445
712,2010.2059102438402
713,1997.0842371904798
714,2000.0036796909724
715,1992.673870945375
716,1999.4583482967894
717,1997.5151302787024
718,1997.955611194037
719,1993.9166111572897
720,2005.3541065753313
721,1988.0385423657965
722,1988.1254099183552
723,2004.5361705912733
724,1977.8898903163658
725,1988.4754525573924
726,1992.9666598603671
727,1983.8160753668494
728,2002.8800250449315
729,2003.6395286218528
730,1990.7569799194964
731,1998.3577618558027
732,1981.3746122379036
733,1996.4327578396908
734,1991.1310306828107
735,2006.0484769712837
736,1990.1636715547004
737,1992.869656324716
738,1991.382810997107
739,1988.0866971900682
740,1986.595495044099
741,2006.343371263322
742,1992.9883741653039
743,1992.9443839293638
744,1998.7695970144957
745,1986.1804881174467
746,1988.6552896930802
747,2002.0479343269428
748,1994.084367043016
749,1998.6920461892976
750,1986.7642148282414
751,1992.6727900603069
752,1988.1925666819068
753,1990.6628013764746
754,1995.5959665282016
755,1990.209066121361
756,1992.7998327177288
757,1987.940569159183
758,1990.1942622491986
759,1991.1088983263346
760,1987.0872699239515
761,1986.9943531892252
762,1995.0626374108233
763,2001.625714474996
764,1993.0294101613629
765,1989.1875778033748
766,2002.6738106884518
767,1982.8415008876043
768,1983.8262285223122
769,1994.0839097337064
770,1989.3438522948861
771,1982.9046085179268
772,1993.5721444247868
773,1994.7310025068134
774,1990.4330132008981
775,1988.1228934009087
776,1994.4141743500327
777,1997.9559400523249
778,1997.262276135384
779,1989.3795473666275
780,1990.9425249521107
781,2003.8298004552319
782,1981.2019456483492
783,1982.0299904570008
784,1990.0565719037604
785,1999.6461809132334
786,1993.3679842154584
787,1993.0299262592237
788,1988.1452483914234
789,1998.8362404461275
790,1988.8416767194658
791,1987.6426828612223
792,1993.0222494637537
793,1981.2389712845152
794,2002.7011533955995
795,1988.1482104774855
796,1989.9817390120152
797,1992.394718337316
798,1994.209891322433
799,1993.2225070851387
800,1997.0742330343924
801,1990.7823281727067
802,1989.2634644901718
803,1980.834605792468
804,2001.2666639177758
805,1998.365831295363
806,1988.377325093043
807,2004.4812564170527
808,2007.0617217221952
809,1994.0567597201377
810,1988.4532597834016
811,1991.1159619791642
812,1996.8660044805504
813,1987.605106709512
814,1994.9500897726223
815,1982.9970088674447
816,2001.2213073966
817,2000.4771780681253
818,1989.762774637097
819,1996.69482549202
820,1984.4962006921521
821,1991.6531626442268
822,1994.9451830035869
823,1995.4037810738137
824,1991.0939454769314
825,1999.46129286345
826,1993.9688366312696
827,1984.2833731586732
828,1997.3559312454088
829,1990.914517356907
830,1988.2564383816054
831,1987.0676922113482
832,1998.0046859784602
833,1984.9640458579318
834,1988.7150897778263
835,1985.8764220015662
836,1985.665823296634
837,1995.5578795008157
838,1986.473793486078
839,1988.6380332531028
840,1991.2438398809832
841,1988.2697906578808
842,1995.937554581509
843,2005.5317950926212
844,1992.7857211375963
845,1987.29292185833
846,1986.6805346203082
847,1992.949657630442
848,1988.0447388430164
849,1991.0294471188724
850,2002.9033919024907
851,1989.3214661033205
852,1993.0639155680576
853,1993.2757429809778
854,1998.4535004763447
855,1991.2458238417064
856,1989.3845461894882
857,1985.8831182003016
858,1998.8464595448193
859,1986.3520639742562
860,2001.8780234891392
861,2003.630722118014
862,1995.3551830633426
863,1997.4548767527433
864,2001.8127965907295
865,1986.928833189659
866,2000.1376756371583
867,2008.0557277664434
868,1991.7858358284313
869,1996.382977684188
870,1994.684455553713
871,1987.0118576844566
872,1991.5781453973145
873,1987.246039150637
874,1995.4588703871716
875,1991.5118056733538
876,1993.4649573078284
877,1994.5713623095921
878,1997.3435838241523
879,1994.9938351107767
880,1996.9867508169039
881,1995.6448191317252
882,1999.891509252127
883,1993.0154851234875
884,1989.1219927265765
885,1990.841789952759
886,1998.1263414705081
887,2000.72183558424
888,2001.9550275787246
889,1993.6602833649388
890,1987.100952128447
891,1987.405206247302
892,2003.30468930341
893,1995.1715030478474
894,2005.2253484117423
895,1989.8383357399834
896,2002.4908969151668
897,1988.3875426183408
898,1994.6435801601126
899,1995.5246556410896
900,1996.5828820342813
901,1981.4457761340225
902,1991.0480966927053
903,1988.3246179615248
904,1989.301506766831
905,1987.509944979419
906,1994.8503120317969
907,1989.9590962186876
908,1988.0848240074154
909,1984.5511071106164
910,1989.4633761835928
911,2006.7608990467465
912,1983.8857453656126
913,1996.0382448121463
914,1984.5884531388829
915,2005.837474761015
916,1983.7919453582153
917,2003.5802347183155
918,2003.9935373970045
919,1986.5577271919306
920,2001.8296558582679
921,1989.6243446698277
922,1996.0413505835456
923,1990.9387590416316
924,1986.7170412658718
925,1993.0541940538203
926,1988.6662298464835
927,1989.7085772608486
928,1985.3555308979135
929,1985.940084998317
930,1990.0034194005286
931,1999.0720011251894
932,1991.7431348997918
933,1999.9437185699107
934,1991.6436657812537
935,1994.3588512836457
936,1999.754415188945
937,1998.046963097028
938,1992.2080168158864
939,2006.5992476450858
940,2005.023968583006
941,1987.9534837126823
942,1988.6718000199874
943,1988.439163191813
944,1991.4390812373542
945,1986.4112768520788
946,1986.6864743755598
947,1985.1189828959737
948,1992.7450047226157
949,1988.5414186218763
950,1988.0537471675748
951,1998.1170577856458
952,1985.408385103961
953,1995.5258681780808
954,1997.2437457709018
955,1988.8284228900206
956,2013.467306606675
957,1995.8665884049644
958,1993.8055460374094
959,1990.623558132396
960,1987.9172215660708
961,1993.624371977857
962,1999.2759656808855
963,1980.093536168373
964,1988.8313608007795
965,1994.5621191122639
966,1996.4826892905517
967,2006.3948383294708
968,1985.0636962700771
969,1991.965542193464
970,1992.5759904185545
971,2000.491290747297
972,1994.7699280430888
973,1999.4399212585474
974,2002.004946462977
975,1992.7846808494148
976,2000.3549283321065
977,1984.2701091818828
978,1997.833736418562
979,1988.485951382175
980,2004.302721788635
981,1980.8246500768435
982,1983.7008342338088
983,1988.20177762622
984,1984.2970220761206
985,1989.332743587953
986,1996.6630427151106
987,1987.1475335508353
988,1989.6960079710825
989,1992.817431414948
990,1992.3659564164261
991,1987.9005119001936
992,1994.7057419386533
993,1998.5176106562449
994,1993.7306363537743
995,1988.2127071942296
996,2002.3253135579564
997,1987.8799542109937
998,2004.2203042740243
999,1994.1763172935084
1000,2005.9763850484596
1001,1996.0002401299523
1002,1988.58940534228
1003,1997.7345337453578
1004,1994.103149500641
1005,1983.0074057600018
1006,2004.4824698560544
1007,1992.6208979240855
1008,2005.8253086511368
1009,1991.3231913429138
1010,1995.905948652595
1011,1992.730466461073
1012,1986.8053915900273
1013,1993.8333636335426
1014,1985.0461210607207
1015,1996.597367479333
1016,1998.8806585396374
1017,1990.0008312641867
1018,1987.912461021327
1019,1989.3105413494511
1020,1988.1273450572176
1021,2004.4524517136483
1022,1990.6263844937855
1023,1983.7872098860842
1024,1980.9101618824502
1025,1993.4719129509942
1026,1998.5323643576153
1027,1987.2254775736803
1028,1997.6496720091689
1029,1995.6147487805133
1030,1987.906603385778
1031,1990.3408565120706
1032,2000.2419330714072
1033,2002.232430436831
1034,1997.773798840078
1035,2004.8431544431596
1036,1989.972200000571
1037,1999.3769702583531
1038,1995.0433728129603
1039,1992.473508086772
1040,1987.1015069669243
1041,1993.061267886923
1042,1988.4360398900255
1043,1989.6527897939031
1044,1995.7878599094386
1045,1987.7567061946345
1046,2004.398785018727
1047,2006.763818044036
1048,1988.9099757002525
1049,1991.6043958271614
1050,1986.404360518085
1051,1990.2231365715786
1052,2001.607262740677
1053,1999.3769511574958
1054,1986.2548009419334
1055,1987.6982133661108
1056,1995.0138324899633
1057,1992.0113690368426
1058,1992.1268984945016
1059,2006.6272607222625
1060,1985.6917059411496
1061,1988.5542665672072
1062,1986.079171286723
1063,1993.506719294265
1064,2004.7851705349976
1065,1996.5590157114284
1066,1994.4777744229475
1067,1984.7201733327715
1068,1989.6712646092776
1069,1990.0818542366196
1070,2001.1598511046432
1071,1990.492657533294
1072,1991.9279058090929
1073,1996.871727947666
1074,1996.1588894114504
1075,1995.2241472128235
1076,2001.60400695425
1077,1995.1810649731538
1078,1994.8821536744779
1079,1986.490182400407
1080,1995.2710347360426
1081,2003.517987064736
1082,1993.69461176157
1083,2005.141326386289
1084,1996.6156659042865
1085,1986.6463541434061
1086,2004.196611511842
1087,1985.1516492206458
1088,1982.4254186275982
1089,1990.5316636923133
1090,1993.7589313412857
1091,2002.5955845928268
1092,1983.291308335915
1093,2004.0151142214036
1094,2000.6002534861093
1095,1985.6131821421536
1096,2001.687197800709
1097,2005.7311983451225
1098,1991.2461491151944
1099,1998.3743085738681
1100,1987.4976165041974
1101,1994.9114167881703
1102,1990.5679880099628
1103,1983.0285246783503
1104,1989.5561954117104
1105,1993.397693334002
1106,1985.9920898353246
1107,1990.116772495198
1108,1994.2333663628035
1109,1981.6910835672502
1110,1995.467477195053
1111,1999.354823638581
1112,1990.9822219496693
1113,1998.482947501387
1114,1990.0721307692336
1115,2003.9924788817373
1116,2002.834392921475
1117,1991.6550154698568
1118,1997.715106422759
1119,1999.1771322187758
1120,1995.9825554325914
1121,2001.3990446486853
1122,1999.5761595446127
1123,1981.9017798229563
1124,2004.640682830561
1125,1985.6880085717883
1126,1991.3162858502908
1127,1990.7076172020008
1128,1985.6120456982355
1129,1993.8601651313913
1130,1995.152630304153
1131,1992.170091440498
1132,1996.4025330620893
1133,1990.1237309545998
1134,1989.0989319842238
1135,2004.7481830482577
1136,1994.1169145630342
1137,1998.1977243063484
1138,2001.706895480589
1139,1987.5708701682356
1140,1994.2131432812323
1141,1993.0795810509833
1142,1996.865478223549
1143,2000.1375944253098
1144,1982.8059220768316
1145,1999.0288256421666
1146,1990.7409388675683
1147,1997.2048219163653
1148,2001.7880665532546
1149,1990.590793794309
1150,1995.1074257187156
1151,1994.1983710884713
1152,1991.5186241050455
1153,1991.030971739185
1154,1989.0887478565157
1155,1988.9795454280065
1156,2003.3802267198712
1157,1990.718196311031
1158,1996.222520133086
1159,1988.752195546091
1160,1989.3043645703817
1161,1984.9294109362047
1162,2008.6238224238784
1163,1989.8999271293378
1164,1991.438707359535
1165,1993.165473609374
1166,2004.205469101893
1167,2008.972421416707
1168,1994.9750394274276
1169,1990.076261012117
1170,1989.3297595741467
1171,2004.2065364647046
1172,2000.8791064472127
1173,1995.685991475804
1174,2002.189148699136
1175,1987.032242087045
1176,1991.881172181904
1177,1997.31265305879
1178,1995.6972669232166
1179,1988.5039604504327
1180,1999.9150396361779
1181,1983.5680964025191
1182,1986.2858805483377
1183,1989.317618771762
1184,1986.367885473837
1185,1984.6284031147763
1186,2001.1102114061164
1187,1991.6360261753914
1188,1989.2801732403136
1189,1990.3202722312953
1190,1992.981223267856
1191,1993.2952958410856
1192,1994.7074158086177
1193,2001.1543159255161
1194,1995.371900840791
1195,1991.8425200214647
1196,1989.6959147749596
1197,1996.7594848282467
1198,2001.288830717122
1199,1993.5884822073806
1200,1991.8536020036952
1201,1988.4690161985416
1202,1989.182090260647
1203,1989.9639685453415
1204,1988.1704844221151
1205,1995.9627005143907
1206,1996.813961008228
1207,1987.538166558046
1208,1990.2061600075313
1209,1994.4503979185808
1210,1988.1450272350069
1211,2005.647539421348
1212,1991.520833430784
1213,1993.5321009589777
1214,1988.7723660425918
1215,1988.399267728307
1216,1990.616933684631
1217,2002.4916765219407
1218,1999.2398977792343
1219,1989.2540699584072
1220,2003.4043974483768
1221,1990.134960412298
1222,2000.455007660539
1223,1993.6553146210017
1224,1995.2057738232345
1225,1988.4766277247247
1226,2006.9020377639777
1227,2002.3269732375334
1228,1993.9474094606178
1229,2003.9708389647558
1230,1992.6401002413374
1231,1984.881574636352
1232,1991.9345989409696
1233,1982.3039916497557
1234,1997.6315443535511
1235,1993.6600892193287
1236,1986.4186797559755
1237,1987.575059833767
1238,1997.2135503585062
1239,1991.459724573404
1240,2004.6348835306485
1241,1988.5117363676404
1242,1997.5422130763673
1243,1981.133097701705
1244,2000.9531946414008
1245,1996.9764892027267
1246,1987.860614207556
1247,1996.0504878261997
1248,1992.62770841655
1249,2002.5681890748451
1250,1995.7446997354298
1251,1996.1557500555805
1252,1989.1485616490484
1253,1991.1273433154815
1254,2007.9572568397218
1255,1995.9535553575984
1256,1981.8169966649543
1257,1990.2050501394308
1258,1994.2220146878874
1259,2005.4523061980071
1260,1993.4223005079314
1261,1997.994120314552
1262,2001.2405967845302
1263,1991.640637468811
1264,1985.6085898834006
1265,1989.8218383157596
1266,1987.4427047386614
1267,1990.4365521529653
1268,1990.0580983114905
1269,1987.3657780144279
1270,1997.5334602949674
1271,1994.7955615071849
1272,1997.4827977948187
1273,1988.3562406562326
1274,1992.2882664546862
1275,1998.4887832654856
1276,1990.8925623232215
1277,1989.6393256189588
1278,1989.271428096815
1279,2005.6812294573667
1280,2001.8733133375556
1281,1992.2156802540228
1282,1997.0692939535581
1283,1994.037573745765
1284,1994.7642603214633
1285,1990.33709628548
1286,1999.2558715651617
1287,1987.4891613397206
1288,1989.1127261997551
1289,1990.262472165108
1290,1990.5261797967544
1291,2005.2769350895144
1292,1992.2113741353367
1293,1989.449701042245
1294,1990.6001935781956
1295,2001.5971302100143
1296,2000.6080136987082
1297,2003.2547855713485
1298,1991.9693152557556
1299,1985.9831822364258
1300,1995.4575189450654
1301,1992.1655419052552
1302,2002.0706628481857
1303,1987.4269738558992
1304,2001.189248310111
1305,2007.740983346022
1306,2002.0984743018473
1307,2004.5905577133376
1308,1995.969326539279
1309,1998.4734996738466
1310,1985.3997446916983
1311,1983.4604520232997
1312,1993.3479895389173
1313,1989.4621976372982
1314,1988.8886001360006
1315,1995.0659080923597
1316,1986.2445054450297
1317,1996.7642143544715
1318,1994.388170103163
1319,1984.632283642806
1320,1990.7639891912881
1321,1994.8477700839708
1322,1996.6645788372066
1323,1995.0462421870473
1324,1996.6400158297888
1325,1985.3661884085175
1326,1984.0010905673555
1327,1992.4722537629407
1328,1991.0819442131674
1329,1990.2663559402251
1330,1990.621862416488
1331,1992.569061344577
1332,1991.4929654053801
1333,1988.5588347657504
1334,2000.8002942893143
1335,1983.7548779338435
1336,1991.6260721647611
1337,2001.422265791007
1338,1984.6213539166142
1339,2004.9441240544897
1340,1999.9487602299491
1341,1989.0671885290726
1342,1992.3333963145
1343,2001.7238335761735
1344,1995.9183860267383
1345,2000.5170267264214
1346,1990.8009883348318
1347,2004.5759140313896
1348,1998.927266446595
1349,1999.3721745510734
1350,1987.9123495956517
1351,1988.9396948633027
1352,1989.7243310387246
1353,1994.1402807004956
1354,2006.8972991458354
1355,2001.7230020558416
1356,1995.2684577592192
1357,1997.2352490892724
1358,1988.8571103862153
1359,1997.0180805004463
1360,1988.7165952835237
1361,1987.0417288926626
1362,1998.1986887235619
1363,1990.4351735426453
1364,1993.812900568729
1365,1993.0523063052651
1366,2004.0633203030727
1367,1991.0665195289455
1368,1985.2827214795202
1369,1984.1823524906206
1370,1985.2142062537057
1371,1996.425782853853
1372,1990.6648077069644
1373,1995.981524929742
1374,1996.3297521493905
1375,1991.3163671183174
1376,2002.837615623648
1377,1993.7708205021145
1378,1997.5076889582863
1379,1984.0886388176218
1380,1984.7046354670863
1381,1988.041580017966
1382,2004.9765571954267
1383,1992.9551376069708
1384,1997.8793478450996
1385,2002.419437220912
1386,1997.6639721911017
1387,1991.0933761482984
1388,1992.9428911591833
1389,2004.8848921320148
1390,1990.8451218886032
1391,1985.1371872594457
1392,1990.786327499244
1393,2000.1200309232897
1394,1995.9069251786889
1395,2000.5820510268702
1396,1985.0297333895694
1397,2000.5693693820187
1398,1995.2785894936912
1399,1986.4470816500993
1400,1986.28288631091
1401,1985.2642843268816
1402,1996.1663745810392
1403,1991.2916011171585
1404,1994.7458662833574
1405,1997.2342182477298
1406,2004.5616549509143
1407,1992.3065988558217
1408,1990.8611809700813
1409,1995.6047865893995
1410,1998.2486616428052
1411,1982.123816598679
1412,1994.0924516231184
1413,2006.359341985168
1414,2000.7809008484362
1415,1989.876250346373
1416,1990.0763857608722
1417,2001.2724282488584
1418,1983.3722231275428
1419,1988.3775846180088
1420,1994.2686462117258
1421,2003.9241463050496
1422,1986.2939370858396
1423,2002.0992626705993
1424,1988.3033991615207
1425,1995.4627313040621
1426,1984.7405868960434
1427,1992.6601845671503
1428,1997.7887208505458
1429,1992.0046746148334
1430,1991.485905711058
1431,1984.85978283683
1432,1991.6417118642987
1433,1985.5569833650966
1434,1988.8416915440496
1435,1996.975880528311
1436,1991.257218281332
1437,1985.1354377278674
1438,2001.3586001616593
1439,1995.5383982235187
1440,1996.7263768675314
1441,1986.3708583064354
1442,1988.0659989539415
1443,1988.0176320734308
1444,1991.3669396579369
1445,1989.9242140411432
1446,1987.786837958886
1447,1990.4171411250325
1448,2000.1765601078891
1449,2004.0782909828126
1450,1983.8517823878435
1451,1982.5783592604635
1452,1991.352003681624
1453,1996.8874886562824
1454,1988.2094788771349
1455,1993.7224079854395
1456,1994.7815485672197
1457,1984.8659556097084
1458,1995.9425184770666
1459,1999.8921843795697
1460,1995.4197004588182
1461,1992.095606584003
1462,1997.0329561852411
1463,2000.2979691607297
1464,1989.2140927130959
1465,1983.7345722440148
1466,1995.3082288478656
1467,1996.2018569856607
1468,1987.1281102868534
1469,2000.3491130682494
1470,1990.1832039034516
1471,1989.1362250556
1472,1983.214866355125
1473,1996.0685026028484
1474,2001.8470386806082
1475,2000.8486520159486
1476,1989.9433002308879
1477,1982.3789657443747
1478,1983.8639312811608
1479,1999.4300927450593
1480,1999.198973991571
1481,1997.101931632074
1482,1989.2697421762884
1483,1994.6515961765642
1484,1985.6167859910827
1485,2006.138451133742
1486,1993.4003347480827
1487,1988.171013004739
1488,1988.1837157511043
1489,1993.4914726888903
1490,1995.7841319262395
1491,1995.8554051920146
1492,2001.1493853596041
1493,1993.1214617743456
1494,2001.8427038334232
1495,1991.6825468469756
1496,1985.8618156574028
1497,1993.3630142389145
1498,1978.9733096846896
1499,1986.2207736795879
1500,1990.9939993618834
1501,1989.3461392956563
1502,1993.8625877586271
1503,1992.2635256943092
1504,1986.8457477569957
1505,1986.664016905505
1506,1991.1452927477412
1507,1988.155767241584
1508,1983.1299790571732
1509,1999.806142321145
1510,1993.4626900397889
1511,2000.899747578311
1512,1987.22422325578
1513,2002.613792334635
1514,1979.3902994046477
1515,1994.305670442773
1516,1985.4170516028205
1517,1994.9018228693672
1518,1990.29643217546
1519,1991.9648167501566
1520,1993.4818065842676
1521,2002.3925426401763
1522,1992.4835413093854
1523,1996.442760805105
1524,1990.9625163835467
1525,2000.2320475104552
1526,1989.7333000798747
1527,1990.1762317399152
1528,1994.1097563303654
1529,1990.6273831311435
1530,1997.644914710814
1531,2005.6650106877682
1532,1990.425026769068
1533,1982.4722203216581
1534,1999.8585512788457
1535,1990.2807884961242
1536,2006.270109403647
1537,1991.0586067194286
1538,1998.6904329261451
1539,1989.698108281085
1540,1983.6108731796255
1541,1998.8920142778811
1542,2004.4858768186912
1543,1984.986620516926
1544,1981.4083988266848
1545,2003.456423886955
1546,1985.048595083487
1547,1982.6505943893014
1548,1997.4642525392117
1549,1995.2538440610717
1550,1998.4209922842797
1551,2000.5340782155258
1552,1988.401295222257
1553,1984.7694610963047
1554,2001.3084030857162
1555,2005.1375705620444
1556,1993.0898379135347
1557,1989.5051955364138
1558,1993.937884375359
1559,1989.5124285667737
1560,2003.1753902606065
1561,1995.6790091549947
1562,1979.0842749465346
1563,1987.908455048322
1564,1979.2559205123735
1565,1985.9949237379499
1566,1991.34375832544
1567,1989.8309721169153
1568,1998.46202469698
1569,1993.1105932895027
1570,2001.2501481410955
1571,1989.4799772485617
1572,1989.773617932805
1573,1989.8341198789387
1574,2005.5309843547655
1575,1983.1614160380975
1576,1987.8159541220841
1577,1986.0255426432714
1578,1987.8889531481077
1579,1988.9878058225374
1580,1985.5826175926684
1581,2001.3565599477101
1582,1984.1904993118767
1583,1985.0274309365577
1584,1991.9577381672073
1585,1996.9090089531621
1586,1990.7966205153139
1587,1989.0599225019407
1588,1993.2126796583232
1589,1998.2411164060495
1590,1995.6272420494786
1591,1987.6025043616153
1592,1984.3713994364423
1593,1996.4838977986922
1594,1992.0946040098486
1595,1988.9324522761754
1596,1997.5115328798813
1597,1998.5618295124661
1598,1992.3613133151805
1599,1993.567794232292
1600,1984.5044123917019
1601,1989.723341148395
1602,1996.997631316024
1603,2004.8482180008323
1604,1985.9997304080496
1605,1989.3241589475417
1606,1994.8752657864882
1607,1999.4425012896243
1608,1990.2461491183003
1609,1981.1924428249733
1610,1984.43614435237
1611,1996.9558901569424
1612,1994.3852314651988
1613,1992.586776676301
1614,1992.7127977289233
1615,1998.146780448973
1616,1986.2838790921085
1617,1991.4235187718634
1618,2000.2954008737563
1619,1987.0517709257108
1620,1988.8128092320555
1621,2002.1163199824668
1622,1987.3226998673842
1623,1993.431855546599
1624,2002.5375332578153
1625,1996.3161200913917
1626,1993.9114307935386
1627,1997.1177879499025
1628,1997.632367832173
1629,1996.3634282066716
1630,2000.2360502039705
1631,2012.1144916664782
1632,2001.469333765642
1633,2003.9311040763853
1634,1995.9678476494332
1635,1993.1965699231198
1636,1988.252067755303
1637,2000.0662781373915
1638,1985.1901562629266
1639,1987.5076254243972
1640,1986.0976267876633
1641,1997.307231684118
1642,1993.0092070753283
1643,1994.0464332333142
1644,1989.6237428398617
1645,2005.5721497501213
1646,1991.9451219650553
1647,2005.325132906416
1648,1989.9410251053853
1649,1992.6587403374688
1650,1995.7352079434484
1651,1992.7338769113883
1652,2004.378904806944
1653,1993.864111339088
1654,1991.7038078051742
1655,1990.2360108856094
1656,1985.892086853684
1657,1999.6297728623292
1658,1991.98334541871
1659,1993.583078280455
1660,1987.6994420855854
1661,1999.8185572755592
1662,1991.5045057501206
1663,1990.9446476935962
1664,1994.5288501361806
1665,1992.338529586188
1666,1993.8306970370852
1667,1988.7405672252119
1668,1983.7521902599674
1669,1992.9657085001174
1670,1989.5317703094777
1671,1995.5631437950028
1672,1981.7589096534077
1673,2002.4603296678742
1674,1995.2300706339183
1675,1989.0858751007936
1676,2003.652373279916
1677,1989.033886442019
1678,1993.7651192161445
1679,1993.6666287905718
1680,1995.523252339934
1681,1993.5820835808447
1682,1988.1961271712405
1683,1991.4907043942962
1684,2001.320366866297
1685,2001.966603849736
1686,1997.3517097503382
1687,2001.8573011120006
1688,1995.6941136182606
1689,1995.0196702222281
1690,1987.3401401611234
1691,1985.0701959095434
1692,1989.4863505265714
1693,2000.0181641718877
1694,1993.1186028581676
1695,1977.3768983072143
1696,2004.393524033015
1697,1994.2062619671235
1698,1995.0596757998894
1699,1992.6891314063982
1700,1990.8606213268843
1701,1998.9183082012883
1702,2005.838173573936
1703,1986.5148833279504
1704,1990.4569028153335
1705,2000.754197896991
1706,1993.335100349189
1707,1995.8456011348026
1708,1994.730881892376
1709,1994.7465410791883
1710,1993.5302900951956
1711,2000.5067337382711
1712,1987.6711961730264
1713,1996.0392161319494
1714,2005.0744079649219
1715,1985.6078870299827
1716,1994.2475284085906
1717,1980.3030146225392
1718,2004.8792823562223
1719,1993.6717551715294
1720,2003.8511744243226
1721,1990.851889914498
1722,2000.1749408489914
1723,1986.118591308281
1724,1995.4709456518651
1725,1992.3177853859372
1726,1989.2522623459943
1727,1981.9115499204688
1728,1983.6645894670737
1729,1995.1514122289914
1730,1991.2831754360911
1731,1989.259535906177
1732,1991.0631026982373
1733,2004.4729382268417
1734,1987.5043426718985
1735,1999.0769827675952
1736,1996.4476258818374
1737,2003.339731481218
1738,1993.7835713582956
1739,1992.5856668389608
1740,2004.6888386563594
1741,1989.5623067072147
1742,1990.5006810027164
1743,1996.9168082747844
1744,1988.621428872878
1745,2001.223472177874
1746,2001.7047276045912
1747,2008.5069535003618
1748,1996.2429872215275
1749,1997.6359250850685
1750,1986.7860024963782
1751,1993.433680644831
1752,1990.7183994719103
1753,2002.267685727747
1754,1987.6486898436274
1755,2008.0519772405041
1756,1990.495489054735
1757,1987.3036993131548
1758,1992.2957249705637
1759,1994.7203228986925
1760,1995.869718542592
1761,1996.2084140301251
1762,2005.5676509316907
1763,1993.035992299744
1764,2001.3981798715345
1765,1987.1362634409395
1766,2003.372541164231
1767,1986.8500480567275
1768,1995.5856986026276
1769,1986.1931639714178
1770,1994.8764855981246
1771,1983.9242864403527
1772,1994.469515121792
1773,1987.264340381602
1774,1994.5691372727654
1775,1990.032076823664
1776,1985.5040857974107
1777,2006.9461822164192
1778,1997.254036039518
1779,2009.4550555490891
1780,1992.7924794445698
1781,1997.5693304209167
1782,1999.5235267755118
1783,1987.9437012676742
1784,2001.8838349579985
1785,1994.2942016887343
1786,1989.8157805474234
1787,1994.2091694896606
1788,1992.417057923268
1789,1993.7471352121672
1790,1997.144846561057
1791,1992.8630650041866
1792,1998.2714400094817
1793,2001.504994298264
1794,1992.573269205608
1795,1984.319743144
1796,1990.7199283337197
1797,1989.2018709721801
1798,2006.1674916922846
1799,1991.201477306094
1800,1997.7419697260225
1801,1995.7039874973384
1802,2002.7005139668624
1803,1988.4043885656731
1804,1983.1973032473597
1805,1990.6811658989352
1806,1984.045289964677
1807,2000.012775838227
1808,2003.773103413458
1809,1996.3917378162998
1810,1994.2305304248641
1811,1986.845981135871
1812,2005.0243610603297
1813,1999.525313824033
1814,1994.4182208671666
1815,1985.9907825078153
1816,1996.5801650926721
1817,1991.2319746448843
1818,1986.2176997073711
1819,1987.023303844048
1820,1998.9064393458632
1821,1999.4093868075245
1822,1997.786634482504
1823,1992.399833989377
1824,1985.525908222354
1825,2001.1003012116817
1826,1990.453069895314
1827,1989.63455859107
1828,1994.9971361861312
1829,1991.3756376506149
1830,1997.176107980862
1831,2004.9286299072241
1832,1987.919765410841
1833,1997.8373041170491
1834,1991.111935933014
1835,1985.9450858817918
1836,1990.409947819875
1837,2001.5409864135581
1838,2001.2816438903676
1839,1981.2155468683238
1840,1990.680012450647
1841,1994.6204557191506
1842,1991.3145505060872
1843,1982.9916564486039
1844,1999.049996103254
1845,1982.4874577235337
1846,1987.2349340792605
1847,1993.7068054532353
1848,1986.9035195047306
1849,1986.0088685096196
1850,1995.27781750083
1851,1999.0062184676585
1852,1992.622551525525
1853,1984.722684729018
1854,1986.911937715009
1855,1990.7886133556547
1856,2002.0671101494017
1857,1998.418388891808
1858,1996.1381738880998
1859,1988.614945151813
1860,1999.6150759340567
1861,1986.3326775975959
1862,1995.0919812643333
1863,1988.6341802042828
1864,1991.109455118922
1865,1997.323367479273
1866,1998.7856932691232
1867,1990.584916350167
1868,2005.462747871378
1869,1987.4012887092777
1870,1987.071814535472
1871,2002.8453955798443
1872,1997.1228101054373
1873,1986.4648377451608
1874,1986.9281771587723
1875,1982.088936315618
1876,1986.7416484490034
1877,1979.5729529974658
1878,1993.5880733584543
1879,1990.7694620738214
1880,1995.6319172815236
1881,1996.6024583060787
1882,1993.4937015496987
1883,1997.3378855095207
1884,1998.8514085194222
1885,1990.4216490305923
1886,1997.2482395798156
1887,1991.672291671088
1888,1979.4231083719212
1889,1984.7972063058621
1890,1992.4716161359675
1891,1995.4977397416537
1892,1997.1538049020012
1893,1984.9179939756843
1894,1994.7642485516137
1895,1995.0382427331558
1896,1985.6926318996443
1897,1985.0633207954268
1898,2002.3512137208147
1899,1984.1016795623464
1900,1992.4954796793804
1901,2001.7848435933586
1902,1995.5920469377427
1903,1988.184426014818
1904,1999.6501751342328
1905,1995.1041265956012
1906,1995.5757787879818
1907,1990.106171266108
1908,2000.6124751046075
1909,1999.3646318960095
1910,2006.6132676030063
1911,1991.9106317509131
1912,1984.345281678496
1913,2002.8819783291126
1914,1984.208687915824
1915,1984.7235248144639
1916,1987.570183462401
1917,2010.2779104215656
1918,1987.9823842142962
1919,1994.5202711085037
1920,2004.2746326239208
1921,1995.7294703340556
1922,1990.5763189038591
1923,1991.3393055648967
1924,1991.0625125675128
1925,2001.0361574938283
1926,1991.6339464128075
1927,1984.9428105861452
1928,1991.8719148373457
1929,1995.1692538880966
1930,2002.9776893343585
1931,1993.9412986010395
1932,1989.6870638392804
1933,2000.5291896672634
1934,1981.4493170867088
1935,1985.9213693460217
1936,1979.420759193334
1937,1987.5667494825975
1938,1984.4682030775655
1939,1995.7908557004114
1940,1987.095749575368
1941,1983.3429929654678
1942,1995.6051653259656
1943,1983.0077485915247
1944,1999.5883666118061
1945,1985.818801953484
1946,1988.526128152079
1947,1990.602759661377
1948,1989.8860761486537
1949,1990.9708388847848
1950,1986.0958735815104
1951,1983.043671478968
1952,2007.1221380522763
1953,1987.7141322527889
1954,1999.9717631044396
1955,1993.2280367775923
1956,1986.6147971706785
1957,1992.3096012535207
1958,1996.8409531531101
1959,1993.5130758289238
1960,1995.9556441356829
1961,1987.687420932616
1962,2001.1583669123365
1963,1990.6066506007658
1964,1987.0634688198616
1965,1993.3908028313979
1966,1993.7400267015055
1967,1991.220784912722
1968,1987.3353926810607
1969,1990.1101769268346
1970,1990.9220395439354
1971,2004.3756364193466
1972,2006.8183335781346
1973,1993.4210636537503
1974,2002.7861967383135
1975,2002.7031244248876
1976,1984.122989395281
1977,1989.4859517798832
1978,1990.1206439725565
1979,2003.8731299479755
1980,1992.758920306174
1981,1994.8556577569796
1982,1990.6749450376756
1983,1982.6829202581655
1984,1991.2431617619047
1985,1993.236029576228
1986,1977.9993166851568
1987,1991.9119113286572
1988,1991.730490456521
1989,1997.9196363927595
1990,1989.2484694419088
1991,1994.872673085145
1992,1996.722618665274
1993,1988.8652278308482
1994,1988.4342446142903
1995,1990.2294940571376
1996,2005.6640277848692
1997,1994.6944756278124
1998,1994.3349041010085
1999,2004.8072242605774
2000,1988.2053227427712
2001,1997.8052780313535
2002,1994.3741213511273
2003,1987.6440442217058
2004,1999.3288456130078
2005,1993.2786022278651
2006,2003.6874191188456
2007,1990.1868172943168
2008,2002.0127059481772
2009,1996.6974712678714
2010,1983.0240824657756
2011,1996.4736392082423
2012,1993.5037448288783
2013,1986.822561988605
2014,1982.1457834846683
2015,1988.407135661781
2016,2002.9083693680332
2017,1990.2271048965324
2018,1986.5547730827986
2019,1991.3460613918407
2020,2005.4264080295313
2021,1990.8520429573614
2022,1991.1995754877933
2023,1987.9020166313596
2024,1991.9419971233551
2025,1990.7037028184604
2026,1997.9824992772292
2027,1995.8082163344684
2028,1984.8757590206335
2029,1986.1163316742536
2030,1992.8559818280398
2031,1986.2956070897692
2032,1997.8795805712127
2033,2008.4960552373159
2034,1982.955161860508
2035,1989.6053504936665
2036,1991.2800298646187
2037,2001.6914702429215
2038,1985.024067868174
2039,1994.873976122886
2040,1990.528703719301
2041,1995.4604805209424
2042,2001.5099176204346
2043,1990.8007542116698
2044,1993.7331164990546
2045,2005.6705593937857
2046,1988.672123438111
2047,1990.9356741134775
2048,1992.7955940246422
2049,1996.8016206685472
2050,1989.1406865312863
2051,1991.2432201004424
2052,1991.3726943880508
2053,1988.2176264832567
2054,1990.042268882674
2055,1993.0308759421207
2056,1993.4489735068905
2057,1998.6610953706781
2058,1994.4221717952596
2059,1997.5526009601078
2060,1995.149173951163
2061,1997.0436092158195
2062,2000.4906790938721
2063,1983.0044931901878
2064,1985.699782191825
2065,1993.6919635380941
2066,2006.9081553947588
2067,1996.7650889609008
2068,2002.814261347571
2069,1993.1910071730504
2070,1988.7777319212842
2071,2002.9770827096172
2072,1985.3368981106528
2073,2004.53166630336
2074,1987.48700269652
2075,1991.4460295809438
2076,1987.817697647979
2077,1988.926255178925
2078,1988.866957587323
2079,2001.1440675626059
2080,1995.6608927472723
2081,1996.4468199542837
2082,2001.773339569562
2083,1998.7706421446353
2084,1989.0662823120958
2085,1987.96702585847
2086,1986.6718798984634
2087,1999.468900577473
2088,1986.5286914836286
2089,2011.3324325780238
2090,1983.308085489533
2091,1990.4550872989246
2092,1984.8752041212435
2093,2001.3840493892326
2094,1998.6116738596702
2095,2008.0776557783672
2096,1993.742014469797
2097,1989.817288564697
2098,2004.1234469932915
2099,1991.1868960306738
2100,1994.5160658683853
2101,1999.0164666766352
2102,2000.7076821069286
2103,1994.7887715054326
2104,1994.9509422367973
2105,1995.2011717655685
2106,1995.7227023331372
2107,1990.813491400823
2108,1987.2121678232452
2109,1994.9271778111092
2110,1996.421501345495
2111,1990.103193230095
2112,1987.92213017794
2113,1994.1710465522551
2114,1984.3755175370927
2115,1987.801304323335
2116,2001.0993692347465
2117,1994.4608684794975
2118,1991.89714800649
2119,1997.6829153729354
2120,1990.1447897303126
2121,1991.4772732898216
2122,1995.8154852944751
2123,1991.0647242680654
2124,1987.8942436004884
2125,1994.8766674393903
2126,1998.274471644844
2127,1994.2697786009444
2128,1999.5707722826298
2129,1990.3395282968288
2130,1992.0441097973169
2131,2000.079860163622
2132,1985.752003989692
2133,1987.4814135603121
2134,1988.1382684780986
2135,1986.1492993043498
2136,2003.4123376316109
2137,1997.7159636799931
2138,1994.471903610828
2139,1983.0361200467687
2140,1996.4591446633442
2141,1993.3658527908644
2142,1985.5857875955508
2143,1999.1670265891637
2144,1986.6296960290435
2145,1994.4367544832837
2146,1998.6152380459712
2147,1984.5431546777033
2148,2002.7942121930193
2149,2000.0926440179412
2150,1986.9689703767956
2151,1994.9026193165553
2152,1994.2524201956844
2153,1987.8694134151401
2154,1987.378564585347
2155,1984.5379635611398
2156,2006.1596378052943
2157,2002.6790230888503
2158,1987.1490529604812
2159,1999.1680865202097
2160,1996.8125258885495
2161,2002.9817253041647
2162,2004.6662330237698
2163,1996.2085134767988
2164,1982.9653546251125
2165,1989.5456469481144
2166,1997.0114603177178
2167,2002.9446739281586
2168,1999.5923004106548
2169,2002.0199213116778
2170,1998.13688608437
2171,2000.5929045249295
2172,1999.9374104628462
2173,2004.020816589082
2174,1985.4683841561696
2175,1999.030089157297
2176,1991.6911391715041
2177,1985.6824361862648
2178,1998.1627276981776
2179,1990.1024265859928
2180,1988.6080195850598
2181,1981.9950948333192
2182,2003.6285153870888
2183,2003.9346968032078
2184,1995.9633288014709
2185,1989.470982656019
2186,1988.7533092592278
2187,1998.759174886134
2188,1991.7856672261
2189,1982.6164442722536
2190,1985.777790488239
2191,1992.816622746109
2192,1993.5805821928493
2193,2003.8407406310803
2194,2004.9625582764731
2195,1995.3402976802124
2196,1986.6192287368797
2197,1989.9250274830579
2198,1995.6581879844841
2199,1983.8039772564482
2200,1997.1688887069852
2201,1988.2418968493569
2202,2002.3391393903573
2203,1987.341059985061
2204,1983.2659911873377
2205,1983.5004913171597
2206,1987.1515151130247
2207,1997.946245802804
2208,1996.6887915591356
2209,1991.7523386931086
2210,1999.0892221931178
2211,1998.2663336771402
2212,1984.9659912230711
2213,1988.7669043726376
2214,1990.0729204508916
2215,1995.095524412383
2216,1988.5093199126588
2217,1985.9560404861638
2218,1995.8429402467166
2219,2004.2130568882405
2220,1991.9296748629017
2221,1987.4090057322705
2222,1976.6601194738757
2223,1998.8291978445513
2224,1991.164371126863
2225,1992.4276087761366
2226,1993.9636585134187
2227,1996.5567424972674
2228,1982.3937788025448
2229,1988.7064549317886
2230,1985.0729981782865
2231,2002.2421723365555
2232,1999.5255018286753
2233,1992.2838439493114
2234,1999.5135434463214
2235,1995.1567530199302
2236,1989.7718861723056
2237,1987.6940537577527
2238,1992.441052633793
2239,1999.9393393797193
2240,1988.047337928602
2241,1985.0404522006522
2242,1980.5452693621505
2243,1992.993286072067
2244,1984.0529210874377
2245,1995.207572175882
2246,1986.5937493101246
2247,1998.798015525205
2248,2000.0995101883623
2249,1989.6410432827672
2250,1990.6549816176705
2251,1998.2001535053428
2252,1991.0656407994998
2253,2004.892882135225
2254,1987.2175099319895
2255,2005.4057840571788
2256,1989.5433352258303
2257,1983.92109424863
2258,1992.4912365654925
2259,1994.7033124958655
2260,1995.3796156151172
2261,1988.4676362152345
2262,2004.175050096629
2263,2004.5131138618501
2264,1990.331407910819
2265,1997.3954814850656
2266,1989.8005885248767
2267,1997.2169499146905
2268,1990.884254826375
2269,1989.0795338762075
2270,1989.2592487653621
2271,2004.421340206951
2272,1990.3683400914085
2273,1998.8519973676034
2274,1991.3964737125611
2275,1989.4666330300392
2276,1989.0655672102168
2277,1982.659649278521
2278,1991.786760761707
2279,1987.1051184698624
2280,1994.6100872064687
2281,1997.9074809856036
2282,2006.4939486806886
2283,1995.2441977579992
2284,1989.7937424710465
2285,1995.895614065864
2286,1998.6281329130045
2287,1994.9507438936766
2288,1986.4468454930063
2289,1995.8214382617095
2290,2000.7723648059882
2291,1999.396835683029
2292,2007.445711014657
2293,1989.3101020397148
2294,2008.3006093245851
2295,1979.3338022246319
2296,1981.8557494670024
2297,1999.4778262524542
2298,1997.560986660038
2299,2004.9424351910122
2300,2000.1886475719361
2301,1993.0990294093478
2302,2004.1328408578238
2303,1981.51568385721
2304,2000.4389045216049
2305,1997.4722302497403
2306,2003.1472635148525
2307,2001.2809178757818
2308,1989.6795397856233
2309,1992.8093887834236
2310,1990.293463614074
2311,1992.0607960136165
2312,1994.6439248313584
2313,1994.0940188185898
2314,1990.7250480066723
2315,1993.2474993369597
2316,1988.2329131293502
2317,2001.4869728276992
2318,1986.3250605592332
2319,1992.6132952106784
2320,1995.9737940120929
2321,1997.3027132209031
2322,2000.4775564528145
2323,1989.8148680570628
2324,1992.237833330392
2325,1991.091084242065
2326,1983.1262061390232
2327,1994.963875280347
2328,1986.5164794105324
2329,1986.1083273841973
2330,2000.8390763042617
2331,1991.6074641900584
2332,1997.065534964852
2333,1986.6041502352655
2334,1990.5524381338066
2335,2001.9222435951558
2336,1998.6568170956016
2337,1994.9647575475033
2338,1996.6424337250414
2339,1989.3467277775544
2340,1987.3272010013989
2341,1996.870273656855
2342,1987.6743663550699
2343,1993.2191815857145
2344,1997.2755053449698
2345,2000.6363017517153
2346,2004.0016403859345
2347,1993.2120366100341
2348,1990.7471006517014
2349,1983.3754801584985
2350,1995.6367988816544
2351,1990.2220747181493
2352,1990.9591814203536
2353,2002.297243110757
2354,2005.9198288428245
2355,1988.8773367370002
2356,1995.874716431105
2357,1986.4491300020325
2358,1985.6776589562467
2359,2008.817220683865
2360,1997.8308029169596
2361,1983.309986191232
2362,1998.8214697142207
2363,1988.5203888578715
2364,1992.3427265385765
2365,1999.782556963485
2366,1993.0332525559854
2367,1997.1888849601276
2368,1986.2181464410094
2369,1992.2496795884313
2370,1995.6019700058241
2371,1993.6973355308833
2372,1996.4295499970053
2373,1994.6085708924322
2374,1990.2662497293252
2375,1996.1205995179585
2376,1999.1429335895411
2377,1990.6652692828823
2378,1987.8705583215572
2379,1992.7819608213763
2380,1988.7862860139142
2381,1994.1413408773883
2382,2002.0537466517585
2383,1996.4039177118027
2384,1996.8539359475835
2385,1987.4812141906693
2386,1999.7890685282243
2387,2002.9708015883134
2388,1988.793517000852
2389,1990.3091022414105
2390,1987.5577262088927
2391,1987.9862878639888
2392,1994.6695768203283
2393,1984.96122990588
2394,1992.5653435545662
2395,1984.3949109803748
2396,1986.8859913757153
2397,1986.8503394063234
2398,2009.1642201849002
2399,2000.1845831299256
2400,1991.636999329285
2401,2004.7670096246266
2402,1991.4606138164684
2403,2001.0355905823667
2404,1994.3066926688741
2405,1991.830865129079
2406,1985.3720603948352
2407,1993.1490242570428
2408,1993.9890938879864
2409,2000.5393120289616
2410,1996.5271348410045
2411,1997.5251982963894
2412,1990.8371871064896
2413,2005.8567826203332
2414,1990.2379865969463
2415,2001.4151245365645
2416,1987.9360033833036
2417,1992.3568340813422
2418,1992.4717485626177
2419,1986.736209239263
2420,1994.1417519540137
2421,1979.895896829518
2422,1985.889454964572
2423,1991.5133716934952
2424,1993.5907083787934
2425,1996.3251997144284
2426,1993.979726416555
2427,1981.3103248404134
2428,2001.008765751579
2429,1990.8029673898588
2430,1990.0480899581855
2431,1982.7757127001619
2432,2006.6526127782888
2433,1991.5608863558311
2434,1998.1225779794809
2435,1989.7644716681016
2436,1991.1432452351125
2437,2005.921335372613
2438,1997.8860088290742
2439,1997.4888310012154
2440,1990.9820290585783
2441,2001.5379199965882
2442,1989.6732946349116
2443,1987.7797496628127
2444,1985.5376706810239
2445,1999.1527716946287
2446,1993.8328146970946
2447,1994.7730054261078
2448,1991.5569092309026
2449,1991.7229910752403
2450,1996.2949857836281
2451,1992.256306666055
2452,1996.255739725684
2453,1991.3061447123148
2454,1988.077443168494
2455,1994.004207034159
2456,1999.0334185013958
2457,1987.1528358995763
2458,1988.0236978968999
2459,1989.1812213908588
2460,2000.5737469484552
2461,1993.81873902127
2462,2003.2837672437488
2463,1990.549282739872
2464,1988.653019115899
2465,2003.326270410641
2466,2005.4552131887986
2467,2002.1888965150054
2468,1987.2977398576907
2469,1992.8110209370855
2470,1989.3202017548044
2471,1990.3333404410594
2472,1996.178690343225
2473,2000.711837700252
2474,1993.7227889615249
2475,1992.8899351845878
2476,1985.0813636947707
2477,1988.0346687731965
2478,1993.5165769037012
2479,1989.3930327501828
2480,1983.5037651812438
2481,1984.361642788031
2482,1982.308167449245
2483,1986.393923884673
2484,1986.915942262221
2485,2002.8020671363754
2486,1999.1086059977808
2487,2000.9577126664851
2488,1996.0406361969854
2489,2004.5706912294227
2490,1999.2291185171066
2491,1994.4425914619062
2492,1989.2625631650646
2493,1986.0101050630808
2494,1989.7633129065002
2495,1979.9420372209959
2496,1991.5971774783873
2497,1996.7164549570289
2498,1996.2047979623828
2499,2004.2045013262962
2500,1991.1857176903266
2501,1999.9819026541436
2502,1983.770059207095
2503,1992.1688802624315
2504,1981.610006627814
2505,1999.1204640220442
2506,1993.8530589654845
2507,1999.584986909702
2508,1998.351496854563
2509,1986.972104427107
2510,1989.4722637122873
2511,1994.106315715337
2512,1980.6279096768665
2513,1984.7133690495205
2514,1993.3289664935305
2515,1989.7870374524728
2516,1997.2121850670176
2517,1989.57002762128
2518,1995.9534479445497
2519,1992.3523030656493
2520,1990.7385916942856
2521,1996.1657994099257
2522,1987.8093166464894
2523,1983.0534752813787
2524,1993.8982116832335
2525,1993.7305964086802
2526,1995.3923500144276
2527,1996.9939911411554
2528,1994.8547605537995
2529,1989.1026084359337
2530,1985.3526045154586
2531,1995.4921447492488
2532,1991.8307704870433
2533,1994.9306234808007
2534,1987.2094709805147
2535,1995.1409579637468
2536,1994.3493974444002
2537,1992.4274456528308
2538,2002.798736926052
2539,2003.2248890396663
2540,1986.0680719115517
2541,1997.3706544618458
2542,1995.0224753765926
2543,1994.6444668398087
2544,1997.4043888902477
2545,2000.2861144300136
2546,1995.2399131060533
2547,1990.6624635714913
2548,1995.2600317472227
2549,1993.421695124658
2550,2001.625017179573
2551,1997.725547745705
2552,2001.861824979236
2553,2002.629725064823
2554,1987.7510824913666
2555,1991.3314602649018
2556,1992.2588795899821
2557,1984.3869904596795
2558,1997.294520975721
2559,1987.943139296555
2560,1992.953330694858
2561,1985.1839288128442
2562,1990.9572258748942
2563,2001.5036597509759
2564,1994.9618594335786
2565,1996.7472816800039
2566,2002.3038905516955
2567,1989.982771648881
2568,1996.820840606255
2569,1982.319014451611
2570,2004.1326825228782
2571,1990.4772928533168
2572,1992.8870381929976
2573,1985.5287162834668
2574,1984.8731750451152
2575,1998.4955286759605
2576,1991.8089828613995
2577,1987.5343123099522
2578,2004.7108337474817
2579,1992.9296614798795
2580,2003.7783586577316
2581,1989.3537305713667
2582,1992.8641901579208
2583,1994.1260292342174
2584,1991.2396505610327
2585,2002.364810000067
2586,1986.0004349510768
2587,2003.186897549679
2588,1992.7248046950986
2589,1994.3086164662918
2590,1992.3412929318138
2591,1990.3312667335197
2592,1985.017608103691
2593,1995.9541598945318
2594,1995.0800503689236
2595,1982.9324854520942
2596,1991.8722400393565
2597,1987.6267945868865
2598,1996.282321762116
2599,2001.0363897327504
2600,1999.1258411332367
2601,1987.0059532344578
2602,1995.1892439272608
2603,1997.5793357498953
2604,1996.007548412152
2605,1986.8315480085678
2606,1985.984361551403
2607,1991.2458841414348
2608,2008.1067506936968
2609,2005.0152511455246
2610,1992.0688756521797
2611,1998.1056868281296
2612,1987.7385105687533
2613,1983.4875053283151
2614,1995.1487265144333
2615,1991.0690222228982
2616,1991.780688034654
2617,1997.3483952930571
2618,1983.60722988621
2619,1996.5984674962358
2620,1992.6532225517506
2621,1984.7702840527415
2622,1996.5732905715188
2623,1986.7175252918425
2624,1989.177221156009
2625,1988.7735689987785
2626,1996.7893997361978
2627,1992.7149671876884
2628,1989.6967074974787
2629,1980.5790277299227
2630,2005.028070550351
2631,2005.6597915331702
2632,2001.875655044771
2633,1990.557883656102
2634,1995.4616200576772
2635,1985.5730355744024
2636,1986.360559236007
2637,1988.8324632544816
2638,2001.3665021949287
2639,1985.305239576063
2640,1984.7566804342553
2641,1992.3170793978923
2642,1992.1576550204552
2643,1987.09521212956
2644,1992.463447655628
2645,1993.9071400373662
2646,1998.8735837883064
2647,1992.6680485205839
2648,2003.9400277294392
2649,1991.8444711263332
2650,1996.643429232001
2651,1995.1110869552674
2652,1993.6630211714478
2653,1998.1585494420358
2654,1983.1664514614301
2655,1983.3826702947897
2656,1986.1606044678297
2657,2006.2139205511805
2658,2004.267386340494
2659,1996.9099430129565
2660,2003.85750717534
2661,1990.0587506187028
2662,1995.0307637224125
2663,1990.5052425465917
2664,1989.3554924268126
2665,1992.8143689584472
2666,1986.9392411787626
2667,1993.137974726512
2668,1986.3964338165954
2669,1983.8328924311954
2670,1998.9066092831724
2671,1992.1997041888585
2672,1989.6741251795886
2673,1994.2500344403568
2674,1986.218100330185
2675,1994.2316597639108
2676,1999.0767272257633
2677,1987.0368751580506
2678,1990.5322496956064
2679,2004.7399567590587
2680,1991.3767719437126
2681,2004.6880688906965
2682,1985.0303131252936
2683,1988.2080934538815
2684,1994.5911922402386
2685,2004.598455058559
2686,1990.5521433583938
2687,1994.6350837270013
2688,1988.1271028891977
2689,1991.833205753275
2690,1996.1468979829933
2691,1996.5047448965372
2692,1992.281007804275
2693,1995.641671212552
2694,1984.221321127681
2695,1995.0871151043782
2696,1991.1039464955736
2697,1995.2026600757085
2698,1999.342453096281
2699,1986.5831104798158
2700,1992.3572149834306
2701,1998.5906884768292
2702,2004.2042460968391
2703,1994.1548856151214
2704,1990.043550483403
2705,1991.1177041068333
2706,1987.7628779690347
2707,1997.6107733647038
2708,2012.9688071929595
2709,1988.9565483645313
2710,1991.48081468371
2711,1995.3553350549203
2712,2003.1511419205272
2713,1987.99111287588
2714,1988.298042201209
2715,1984.3256066194544
2716,1987.21270697753
2717,1991.9584581231863
2718,1986.5083358865763
2719,1984.9734036280156
2720,1995.2673258268735
2721,1984.572742968009
2722,1988.3664729322797
2723,1984.2303977036927
2724,1993.4780507776006
2725,1996.0439267202637
2726,1996.490355868218
2727,1982.6585286862114
2728,1997.4228536433175
2729,1982.6790458836272
2730,1986.4835154749505
2731,2000.8265063120841
2732,1997.8030200710436
2733,1991.3201508289021
2734,1986.6375661790064
2735,1994.8272759963018
2736,2003.7902852705042
2737,1990.424668701309
2738,1996.2065478340983
2739,1992.3864065283585
2740,1986.5658665114624
2741,1985.194567041274
2742,1988.9382037932692
2743,1994.6766536832895
2744,1987.0671617807923
2745,1989.1729921686003
2746,1989.2249737597044
2747,1986.4969955991335
2748,1982.2447470577902
2749,1979.2149881493194
2750,1988.3559887928168
2751,1991.7610869781288
2752,2002.6069908258107
2753,1991.2512365020073
2754,1987.4354511930612
2755,1989.149799405893
2756,1993.3335360562514
2757,1983.626529183026
2758,1996.4413786010791
2759,1995.4039292369878
2760,1988.5742013163451
2761,1995.000582705053
2762,1976.6967182569833
2763,2001.7357361904685
2764,1986.665505798658
2765,1996.7199915173062
2766,1997.080462375034
2767,1994.26214287877
2768,1997.7171892084082
2769,1994.6508722820436
2770,2011.3121321322199
2771,1993.4077295327452
2772,2001.2338491970452
2773,1994.2004126952722
2774,1980.7310155726275
2775,1990.9624360869395
2776,1985.3112969157644
2777,1994.4572320861168
2778,1986.296909802854
2779,1986.3238047822686
2780,1993.179698286892
2781,1994.6455001150234
2782,1995.3360619472585
2783,1989.0122731200536
2784,1989.9295673698473
2785,1995.0154705252621
2786,1986.124142510171
2787,1988.3878798614119
2788,1987.8690456511872
2789,1989.3209470053582
2790,2001.2814475679834
2791,1992.3888692896974
2792,1988.4757024306598
2793,1994.4263887628351
2794,2003.7143698706639
2795,1993.699344825032
2796,1986.3234138846333
2797,2002.3507066798932
2798,1982.6306270516816
2799,1998.4920679827308
2800,1986.491435038204
2801,1978.588560801051
2802,1988.0030319428877
2803,1990.634202904544
2804,1992.6561049805669
2805,1992.2264772308436
2806,2002.2014935963027
2807,2003.7891484144182
2808,1985.9702250164203
2809,1982.1439906250828
2810,1996.45942033831
2811,1984.8994011396492
2812,1987.440747746698
2813,1994.6445750775392
2814,1994.862259295893
2815,1991.2611972529237
2816,1975.5873035038437
2817,1989.4523126361369
2818,1992.7918114067736
2819,2000.3993383368922
2820,1994.521923318472
2821,1986.9246659938015
2822,1981.5447870920916
2823,1990.4803553333204
2824,1990.4778708384497
2825,1986.5173758621602
2826,2004.5571523588853
2827,1994.5551252325529
2828,1986.2286803067454
2829,1994.303136114643
2830,1985.1517246565697
2831,2004.23017800225
2832,1998.5380252171876
2833,1994.3076719085532
2834,1997.6295364947032
2835,1998.5267600622738
2836,1992.2794214444325
2837,2002.2454257703243
2838,1990.503575048146
2839,2005.8540109408584
2840,2004.372554658796
2841,2001.7819808318275
2842,1998.2934104111307
2843,1989.5913481704192
2844,1995.0321462324573
2845,1990.1067425480248
2846,1985.6081422386603
2847,1985.3637575426944
2848,1986.9684795727367
2849,1990.52211686567
2850,1985.7767017362246
2851,1985.5641268496047
2852,1989.4301586598165
2853,1986.625652388787
2854,1995.9753484087785
2855,1992.21135299359
2856,1988.65962494595
2857,1975.0796117686482
2858,2002.1276446349723
2859,1986.3852229547467
2860,1997.881025945068
2861,1986.1091068403814
2862,1994.458372948202
2863,1987.9986622933332
2864,1997.7369974688777
2865,1990.339421220637
2866,1990.242962210955
2867,1999.0118516506516
2868,1994.1779616788738
2869,1994.2889035152837
2870,2005.8991880823794
2871,1996.1124775141475
2872,1991.9371203068933
2873,1987.1090977903143
2874,1996.6786835290595
2875,1992.4950364833853
2876,1986.8225722760856
2877,2005.7311571414045
2878,1993.1852990312989
2879,1988.64091918585
2880,1994.212773507828
2881,1997.2411336235318
2882,1997.6306533759773
2883,1990.5508082353797
2884,1991.6995127286393
2885,1994.67715472343
2886,1989.1455006140998
2887,1991.0441644971634
2888,1999.9627538935858
2889,1995.3049259173897
2890,1996.267696603424
2891,1987.9780858701035
2892,1986.3489058828993
2893,1990.8590565827383
2894,1992.9498809466709
2895,1999.9258450562927
2896,1998.1853612936702
2897,1994.2587054022995
2898,1992.057137840046
2899,1996.5102752908651
2900,1995.6824211431551
2901,1990.5834177768024
2902,1991.1063647831882
2903,1991.1237117578646
2904,1989.3311148668654
2905,1990.4301826903206
2906,1999.8772418757685
2907,1984.7462065516295
2908,1983.5204406841522
2909,1989.0790417544442
2910,1991.1870014909
2911,1993.0857161454512
2912,1988.6722584874726
2913,2001.3718926280062
2914,1998.959188745498
2915,2003.0599549726005
2916,2006.9025627850217
2917,1985.923149575599
2918,1994.186287287485
2919,1986.5826668757666
2920,1996.3979247065229
2921,1987.8692314708187
2922,1994.811601013864
2923,1994.8583362459644
2924,1989.2531497264963
2925,1995.5746857560162
2926,1991.5597643278063
2927,1993.40275597282
2928,1985.4819280649
2929,1992.9438640836177
2930,1989.1512243042937
2931,1997.7063188029977
2932,1992.3570801301864
2933,1999.9034605281113
2934,1989.5308095549017
2935,1985.2956615730025
2936,2000.7719672158596
2937,1985.211875526166
2938,1989.829389748244
2939,1990.7402706607338
2940,1995.96010798044
2941,1987.4073914140477
2942,1987.9109118836275
2943,1988.0193704790497
2944,1988.1046081258235
2945,1995.283667112719
2946,1985.1689926229433
2947,1997.3901204527792
2948,1991.075529942966
2949,1992.2212169798304
2950,1991.8174486853693
2951,1981.8451108419843
2952,1999.3899162877362
2953,1992.1652371600521
2954,1990.5695816642517
2955,1982.634549887819
2956,1985.2701490888464
2957,1991.4191096820755
2958,1995.1568687354513
2959,2005.2504483891673
2960,2000.1332516883879
2961,1993.5307558933825
2962,1993.8193820822555
2963,1988.535874070375
2964,1994.64206882024
2965,2003.9000132766737
2966,2001.2319904793887
2967,1994.4755625339492
2968,1987.489319520496
2969,1991.7485202003998
2970,1985.7198783362762
2971,1990.1572438606183
2972,1985.807021750589
2973,1992.4526144577064
2974,1981.8886906785342
2975,1996.5564856005528
2976,1988.2381369125062
2977,1993.6113818252068
2978,1995.3651418928455
2979,2001.290277178454
2980,1990.8857925820864
2981,2001.1553929803574
2982,2000.1047382685322
2983,2001.5839593089968
2984,1991.1750351722906
2985,1989.6506776251715
2986,1992.0400744737135
2987,1987.3897202996493
2988,2002.886611535059
2989,2001.5124114631
2990,1987.7135632190723
2991,1997.392278762572
2992,1990.7507476310377
2993,1994.116510819305
2994,1991.8205118439498
2995,1989.3526061610291
2996,2002.3778460674232
2997,1988.5656277712053
2998,1990.1567234444653
2999,1980.4333199395562
3000,1989.735755947894
3001,1987.092651595064
3002,1992.6470739737674
3003,1995.525566358898
3004,1995.6767301335642
3005,2001.1403460039246
3006,1984.7980247225914
3007,1984.5896575247295
3008,1992.2303063933157
3009,1991.4603067868047
3010,1985.2650059315395
3011,1991.5956155850376
3012,1999.4015202480127
3013,1988.2586821779284
3014,2000.0955679090082
3015,1985.7604338050073
3016,1993.5539542591619
3017,1994.0508012543303
3018,1995.6498343317032
3019,2005.9378638687074
3020,1989.4739859972294
3021,1990.940919709927
3022,1992.1372224151462
3023,1991.8782291858515
3024,1992.967587932933
3025,1987.9215075516715
3026,1994.0558038979616
3027,2003.2045460252764
3028,1989.6207845788642
3029,1993.94206640588
3030,1998.430723364958
3031,1991.8229852914321
3032,1988.9378569816731
3033,1988.347488759193
3034,1988.6672308846578
3035,1990.24651811088
3036,2002.5726752242756
3037,1991.070967576546
3038,1985.786603352457
3039,1986.6820295542484
3040,1992.9963056650258
3041,1981.9837258607902
3042,1992.6953162171387
3043,1996.4783758337874
3044,1997.5437147440089
3045,2003.1531222988776
3046,1988.669123924532
3047,1995.8263174637073
3048,1998.4287322680511
3049,1993.3773428513273
3050,1982.0100826983141
3051,1995.3179103716584
3052,1986.2928134436547
3053,2003.0217385854353
3054,1988.0055323277672
3055,1991.2906102192212
3056,2001.567017582563
3057,2000.5724009458568
3058,2006.9655960344262
3059,1991.5246060127627
3060,1994.8403777199492
3061,1989.0542705326284
3062,1981.7434366684545
3063,1984.676480475421
3064,1983.742290925352
3065,1990.3754842989913
3066,1990.3093770922628
3067,2004.026164785172
3068,2001.5025450163823
3069,1991.3612453478495
3070,1984.09178959062
3071,1982.2228021799967
3072,1988.8470506374601
3073,1997.3765461854402
3074,1991.2138745528646
3075,1994.4604576683766
3076,1981.6782566549946
3077,1984.0258406092128
3078,1989.3837362288205
3079,1997.1709003446822
3080,1995.7808858384628
3081,1994.6211382399706
3082,1991.9195226577713
3083,1994.457162152424
3084,1993.5629287567124
3085,1988.1568025006386
3086,2002.2187422126485
3087,2002.2109557226759
3088,1987.4668364592242
3089,2001.4534143496765
3090,2002.7334253984989
3091,1990.1676596026782
3092,1993.6893120404525
3093,1982.750387870444
3094,1985.5537824773498
3095,1997.3993255230305
3096,2004.8134096674942
3097,2005.6396846878563
3098,1986.488127461431
3099,1989.7277369420426
3100,1992.1188068371575
3101,1982.7396383645994
3102,1996.1464472712605
3103,1992.0626256683702
3104,1992.6884519400492
3105,1994.874181918772
3106,1994.049487597182
3107,1988.1323521607303
3108,1984.8959431782707
3109,1991.9357990085862
3110,2000.4652667516602
3111,1989.3638277738141
3112,1988.5110017815982
3113,1986.4260255107115
3114,1992.0995638512932
3115,1994.5360738880356
3116,1987.230865541678
3117,2004.4404276606256
3118,1990.8262283307108
3119,1997.3439068465425
3120,1991.897596673331
3121,1994.5600568996556
3122,1995.0330842415012
3123,2001.8858555355555
3124,1985.3468698686129
3125,1983.8877036811273
3126,1996.35034109756
3127,1983.5047437852552
3128,2001.9946818109756
3129,2003.1789903898396
3130,1996.4747750192516
3131,1990.6265532389823
3132,2001.3303548106308
3133,1992.4476657263444
3134,1990.5501868640476
3135,1985.5755702196539
3136,1995.9436970586232
3137,1988.6020534879337
3138,2001.973579745885
3139,1989.2955289983872
3140,1997.118562117814
3141,1985.854589870931
3142,2000.366348016743
3143,1998.1012842621515
3144,1995.6059075710493
3145,1994.4514530567687
3146,1988.6302422062706
3147,1996.6738302658148
3148,1992.7066140029722
3149,1997.8705216057635
3150,1997.5922405596746
3151,1986.4857660804935
3152,1993.2134805291926
3153,1983.986118902923
3154,2002.0345651415773
3155,1991.9669797256552
3156,1989.3357455151595
3157,1990.5570084455894
3158,1998.8932597041019
3159,1988.1463459489303
3160,1994.3445041310717
3161,1993.2109380990728
3162,2001.9501018738779
3163,1990.586699755341
3164,1997.9771182572078
3165,1985.827010806113
3166,2003.82763346973
3167,1995.806583983987
3168,1989.8753580686482
3169,1985.8964081007152
3170,1987.8968154730771
3171,1995.0242194136988
3172,1987.9988816807686
3173,1985.1792823928643
3174,1986.9186726929095
3175,1991.1342565196883
3176,1984.9241542560633
3177,1984.342524802843
3178,1992.9564289709142
3179,1992.2770531349026
3180,1991.2689573966973
3181,1990.1252816384006
3182,2000.48773843032
3183,2000.0352640925178
3184,2007.7712436582337
3185,1988.0539961988109
3186,1989.1939275527966
3187,1989.9748391312874
3188,1987.7324320498917
3189,1985.2836382249027
3190,1992.8479884864714
3191,1987.3683693087166
3192,1992.095243992121
3193,1990.2432686063805
3194,1990.7143905569037
3195,1987.9440972901818
3196,2005.4888630720764
3197,1988.3244945877136
3198,2007.2357263166984
3199,1985.5131271763787
3200,1996.4880075765038
3201,1983.4172433366587
3202,2004.8715179963747
3203,1995.7215104582817
3204,2004.4304378209456
3205,1990.9130849028923
3206,1982.195110235294
3207,1986.9818326643774
3208,1989.427904459518
3209,1988.9076970660128
3210,1984.2409897464436
3211,1994.931137157675
3212,1985.0734200386753
3213,1989.6883360071868
3214,2001.5510659449214
3215,1992.4076707137854
3216,1993.0159793244932
3217,1994.615420514727
3218,1984.7089608625122
3219,1983.7852252888258
3220,1994.9066648548442
3221,1989.9094815769924
3222,1988.611437809763
3223,1991.6269662149534
3224,1998.300658206471
3225,1987.6047387984088
3226,1989.9837281783014
3227,2000.2408356197805
3228,2006.8130593784115
3229,1991.6997978529782
3230,1995.1054499178672
3231,1995.1045056932946
3232,1987.70059234032
3233,2006.824713941626
3234,1991.8496377454653
3235,1998.1768569399221
3236,1988.0009813236154
3237,1996.1062925092795
3238,2003.5119849727396
3239,1990.7532080439285
3240,1989.8659644474433
3241,1993.0147255777094
3242,2001.8367774123228
3243,1984.4783600086878
3244,1982.5607396510386
3245,1991.9186398433337
3246,1986.059292527929
3247,1987.2704471595982
3248,1980.2593706213677
3249,1985.3230718176621
3250,2003.2501377305719
3251,1990.0832813569689
3252,1992.535527836789
3253,1987.3659078951662
3254,1987.8291958848265
3255,1988.4503746695846
3256,1986.0080586312783
3257,1989.2118466240092
3258,1991.0490563746362
3259,2000.115586892448
3260,1995.272396835605
3261,2001.2886090741601
3262,1995.6323855653043
3263,1989.6430171387185
3264,1984.5396184617782
3265,1988.9431105325293
3266,1994.6665980022333
3267,2005.4597885270714
3268,1999.677514581596
3269,1992.9955550762998
3270,1984.8525166544334
3271,1985.972410750139
3272,2000.0564438463205
3273,1983.07660106345
3274,1995.4784477571636
3275,1986.5361301186128
3276,1994.7360047137697
3277,1992.9349221237499
3278,1988.5798091966535
3279,1990.3005372891746
3280,1987.9060223428107
3281,1990.6682768715725
3282,1994.3364810117162
3283,1987.5318873781541
3284,1991.520025391751
3285,1989.8849135216444
3286,1991.976321348994
3287,1996.6625509463868
3288,2002.9902225351632
3289,1992.5462433297168
3290,1990.0231927421453
3291,1987.9707135812982
3292,1992.8376371296863
3293,1989.6548745078305
3294,1992.5946475346516
3295,1982.1068863809612
3296,1993.1666847455401
3297,2011.8961243779731
3298,1996.6552895425064
3299,1979.8950327694586
3300,1995.0381980535508
3301,2001.8162231219146
3302,1999.1028051198862
3303,1988.6248198796895
3304,1997.4682199507822
3305,1989.0789550631546
3306,2003.3165207942288
3307,1993.6588940496342
3308,1997.0117765980485
3309,1993.9235843199176
3310,1995.1659964477392
3311,1998.2093116221315
3312,1985.4754261840822
3313,1993.6214060286943
3314,1987.0601623960354
3315,1987.3400963773993
3316,1986.7502768474083
3317,1988.229146578374
3318,1995.7443761684221
3319,1991.3458070066617
3320,2001.1062299254402
3321,1992.2680691106514
3322,1989.6349874270768
3323,1985.1681768650053
3324,1991.4344063136518
3325,1995.0503266684116
3326,1989.7008615134687
3327,1980.4252309044148
3328,1983.5583810336632
3329,1996.9786018340085
3330,1993.5365642680563
3331,1978.3227993031844
3332,2005.063357131599
3333,2002.123390290057
3334,1993.2695567530543
3335,1992.9047363748205
3336,1996.9406440980765
3337,1986.4460246897108
3338,2001.498982140005
3339,1994.2262089322592
3340,1986.4311325877313
3341,2001.4556158974847
3342,1991.561675502487
3343,1979.2136671169221
3344,1994.9923323053324
3345,1990.3948525899955
3346,1990.4954754964215
3347,1991.3268300276704
3348,1994.256257735727
3349,1983.641009492821
3350,2005.0183926868967
3351,1999.3946961752974
3352,2001.1645717689828
3353,1994.1851079014973
3354,1983.5526588018502
3355,1987.6479725091758
3356,1983.219816383458
3357,1995.9294514900585
3358,1999.611482990313
3359,1999.1508259029442
3360,1993.9483506196173
3361,1993.79530003089
3362,1986.4924231407178
3363,1992.9386011914546
3364,2009.0133497023753
3365,1983.7881186654909
3366,1986.6016365225435
3367,1996.0552949094733
3368,1985.6637725508344
3369,1996.2076023542525
3370,1985.953885093794
3371,1999.853457350053
3372,1994.1947269943164
3373,1989.8706699082734
3374,1987.9920372545703
3375,1993.1199260595133
3376,2002.0650253119738
3377,1994.2827981218834
3378,1993.0556515714418
3379,1991.0178929005444
3380,1988.4667437176859
3381,1992.2058859993845
3382,1976.402444836023
3383,1995.0791150185673
3384,1989.7015198400243
3385,1992.471970012078
3386,1983.869276085987
3387,1989.041341585053
3388,1994.5032250847755
3389,1999.5452626792037
3390,1990.4358577728453
3391,1988.293814036066
3392,1994.800370320612
3393,1991.6249254987133
3394,1993.5983759354858
3395,1990.0699291431708
3396,1993.8226906254365
3397,1989.0331557183824
3398,1989.6843493893282
3399,1976.604171616847
3400,1988.120036645702
3401,1987.465835106142
3402,2000.320445238444
3403,1998.9381255244925
3404,1990.8319361795448
3405,2000.0933750009092
3406,1990.8916614332231
3407,1981.5021036557423
3408,1985.5620491557502
3409,1996.4120586707934
3410,1992.5443319169822
3411,1991.1989835957645
3412,1990.8831999592323
3413,2005.218165870993
3414,1996.068868182084
3415,1987.8730896242018
3416,1988.144595209586
3417,1983.0572768763057
3418,1992.243602031362
3419,1991.0560794843611
3420,1988.4210757277913
3421,2004.8216509677975
3422,1990.6512439211301
3423,1998.7399520697734
3424,1989.8343492371214
3425,1993.1110293656914
3426,1999.9810368511285
3427,1991.8534820075747
3428,2000.732682937574
3429,1983.7650306034955
3430,1994.6783218619614
3431,1989.026921275308
3432,1986.059823730585
3433,1989.4045831879948
3434,1988.8115106888738
3435,1994.5598626329556
3436,1988.6990762645476
3437,1989.419783151446
3438,1985.1212293420017
3439,2001.0100674317878
3440,1987.0014065622584
3441,1995.9983485747669
3442,1993.4121238926732
3443,1988.1393025581285
3444,2008.4068770871465
3445,1991.326032907171
3446,2009.9694920985462
3447,1986.5718363928183
3448,1992.7747855820296
3449,1997.5393212737843
3450,2002.2496833268738
3451,1992.9378720664463
3452,1990.0080861086374
3453,2002.8989490552656
3454,2014.5666967452441
3455,1987.7948405672366
3456,2001.0865201576212
3457,1993.5955527070528
3458,1982.0920197152234
3459,1996.9330669398562
3460,2002.765093111877
3461,2004.5778120642774
3462,1987.1867326104266
3463,2000.5812198812393
3464,1989.1276354250674
3465,1989.546109852226
3466,2001.3561985481495
3467,1987.0522073681805
3468,1989.198090956916
3469,1992.5901359149586
3470,1987.8057875178927
3471,1989.9395930279284
3472,1995.9376129318835
3473,1996.2146423154375
3474,1993.5811810252728
3475,1991.7089191061186
3476,1989.6113643002802
3477,1995.8002721352623
3478,1982.6708138939232
3479,1993.5616363605743
3480,1996.053001882668
3481,2007.1590673000144
3482,1981.1935465790164
3483,1985.5115359910267
3484,1994.434066985347
3485,1989.5465096943235
3486,1993.512255106262
3487,1996.311711005381
3488,1993.911647501293
3489,1993.574321568186
3490,1985.9426455411956
3491,1991.3678011426189
3492,1986.2304252603697
3493,1993.3264046335391
3494,1985.669938402437
3495,1990.1758451026556
3496,1997.469251556082
3497,1984.6275461605358
3498,1984.1756859333657
3499,1991.9554887360837
3500,1985.2802999301502
3501,1988.7005369376818
3502,2008.4491783517262
3503,1990.8732472361326
3504,1995.5412305895782
3505,1996.1881398964624
3506,1988.220560773006
3507,1992.7651785751498
3508,1985.9064331838583
3509,1987.6768455972476
3510,1989.8076482912356
3511,1995.4052649822854
3512,1983.9952847554166
3513,2002.9863978427577
3514,1992.9313206007962
3515,1985.5141473565047
3516,1994.9278788725576
3517,1995.9504968127983
3518,1988.1749468322525
3519,1986.7874331255757
3520,1989.3023690170787
3521,1980.0484584051226
3522,1989.4855221724824
3523,1994.9411414461026
3524,1997.9315165143523
3525,1989.718889308995
3526,1998.7888424958971
3527,1986.7165049969415
3528,1991.5767515805921
3529,2000.410290891911
3530,1993.05104660188
3531,2001.5587782494028
3532,1989.4911908483798
3533,1994.058847613598
3534,2000.0170943510377
3535,1990.0082763722298
3536,1981.4588342327268
3537,1987.2671553546477
3538,1988.7099058490674
3539,1993.4364948849873
3540,2004.0185895851844
3541,2003.5343433031576
3542,2006.2392434989479
3543,1990.9060651549573
3544,1989.2542456732626
3545,1988.187810088535
3546,1987.7155302095969
3547,1995.1031077990713
3548,1998.476004073384
3549,1997.3166891373378
3550,1988.6351402132873
3551,2001.4673019793138
3552,1988.5042257166192
3553,1990.7227718843008
3554,1986.4078564870772
3555,1994.87769772814
3556,1984.7207626931674
3557,1992.5265935529223
3558,1992.316364418974
3559,1994.394337571494
3560,2004.8718518677424
3561,1986.8529816689356
3562,1986.1487026828747
3563,1991.1534310514564
3564,1996.4651704302692
3565,1990.4762892588137
3566,1984.0980381558186
3567,1998.3247656963167
3568,1989.7968131307116
3569,1993.639658465174
3570,1994.01009823868
3571,1983.323191648828
3572,1993.356988464307
3573,1992.1300712113803
3574,1988.5381914312034
3575,2003.9808904470854
3576,1988.3714348280732
3577,1986.7946168776818
3578,1999.3686462891121
3579,1988.4838422964597
3580,1992.12111293262
3581,1993.663854694535
3582,1982.6602551675599
3583,1987.7328395300794
3584,1992.6726724945504
3585,1991.2544067619308
3586,2002.5492859402814
3587,1989.6187432897461
3588,1987.0518641128026
3589,1992.295697795524
3590,1990.9052364323727
3591,1993.614062829218
3592,2006.2979161050644
3593,1986.9524253385832
3594,1999.434855534895
3595,2002.9044129680697
3596,1991.1267404288851
3597,1997.573148305696
3598,1983.1862278200954
3599,2000.7110605420237
3600,1988.6559744398714
3601,1995.240369964536
3602,1983.8649409573507
3603,1991.7011984178375
3604,1993.7111312103414
3605,1998.3082467773672
3606,1992.9977075015966
3607,1991.991186754586
3608,1990.1546895889642
3609,1996.591638429809
3610,1975.5138883570794
3611,2002.5188552822087
3612,1999.7506181782342
3613,1992.3204733021937
3614,1985.2138624128204
3615,1994.0677778194593
3616,1983.597699590691
3617,1987.9687181357092
3618,1985.0366886213358
3619,1997.8240345011468
3620,2000.6034583863259
3621,1995.2725056046313
3622,1988.5626869624061
3623,1986.8825879950741
3624,1986.7251590823237
3625,1991.0252201125784
3626,1981.4678291482317
3627,2005.0871722083268
3628,1995.9088938549464
3629,1992.1848935885089
3630,2005.0860196991155
3631,1999.3333089517896
3632,1986.2445501078669
3633,1983.8714085166816
3634,1987.5734529278168
3635,1991.2561542671747
3636,1989.7031544949798
3637,1983.9862831301134
3638,1992.8704969584473
3639,1993.9104051260654
3640,2004.1540830242004
3641,2004.349462417152
3642,1985.7790176523235
3643,1994.7761725415662
3644,1991.6486954723234
3645,1997.383802234903
3646,1992.416229034175
3647,1983.4334507835697
3648,1988.998443002844
3649,1989.7439944173427
3650,1989.5378225086836
3651,1987.099015867332
3652,1993.614758305911
3653,1990.1227705835183
3654,1998.2510730508088
3655,1988.8089144374508
3656,2008.0263519870502
3657,1998.7819651498232
3658,1991.0825800276962
3659,2008.9780390590165
3660,1981.4201478515579
3661,1989.3404915433273
3662,2000.9159275863585
3663,1980.2127864400036
3664,1984.6759877440848
3665,1995.974001303098
3666,2002.125387886451
3667,1999.2235634951242
3668,2000.1382719682392
3669,2002.4400106319697
3670,1999.7769103121416
3671,1993.7712175247252
3672,1989.1072280599094
3673,1993.8183976050395
3674,1987.1432086993868
3675,1988.0971943754028
3676,1989.4237122618576
3677,1989.148798716373
3678,1986.8644761549356
3679,1994.020802716741
3680,1989.7098991827531
3681,1985.1456594262593
3682,1994.406794339634
3683,1988.6124333468488
3684,1990.9517320909247
3685,1995.2153843566766
3686,1992.4720712346386
3687,1987.188524846011
3688,1990.2508322012611
3689,1983.3207956652625
3690,1998.14755725651
3691,1993.8243909912833
3692,1994.2327933795352
3693,1985.2106592870364
3694,2005.617460937228
3695,1976.284289648967
3696,1992.9279415970716
3697,1986.2934945456188
3698,1989.58208944942
3699,1993.0710819390324
3700,1987.9898180452599
3701,1993.619108107748
3702,2010.9627283400725
3703,1993.6532062907702
3704,1992.783979706038
3705,1986.886239811906
3706,1985.0447119937091
3707,1993.8163668638842
3708,1990.300109242339
3709,1993.5738254024066
3710,2003.0092895588639
3711,1993.6917955123106
3712,1996.7568168093048
3713,1991.7234290544966
3714,1998.4513232820948
3715,1985.3862385346729
3716,1997.223736837297
3717,2004.4941869303054
3718,1995.3255264336792
3719,1986.2102135786613
3720,1987.880798615467
3721,1996.9274701564011
3722,1990.9746487595964
3723,1993.0290159053247
3724,1987.7133203586632
3725,1987.4589773580087
3726,1995.9266016310187
3727,1980.3468209697419
3728,2001.9648156339633
3729,1984.3243363130032
3730,1999.5341078224915
3731,1988.9750896610842
3732,1995.5435041709086
3733,2002.9245735854677
3734,1991.7422980384597
3735,1997.529326244027
3736,1992.9433740758057
3737,1988.3035991644551
3738,1993.1700414612276
3739,1994.3473497262914
3740,1982.0166698364044
3741,2003.5539327029826
3742,1997.0056247163861
3743,1993.0101071306756
3744,1991.4321654708187
3745,1999.1202568043416
3746,1993.230629769744
3747,1993.881551052424
3748,1986.3039824362877
3749,1986.8830638562638
3750,2001.1685780206317
3751,1992.1198536135107
3752,1993.9701510370344
3753,1990.9125788091176
3754,1992.5983087239467
3755,1992.8371309998684
3756,1982.2072524897187
3757,1998.6848188209804
3758,1996.3761577213793
3759,1983.5823834498644
3760,1988.7971715333472
3761,1994.2484464036747
3762,1996.7263880479181
3763,1988.7945737605871
3764,1983.218255456972
3765,1995.9412563548565
3766,1991.1617996606324
3767,1997.1629559443743
3768,1987.4089816116345
3769,1991.2360300879893
3770,1986.3439209651733
3771,1992.9191083972648
3772,1994.6307119201317
3773,1986.1602096727481
3774,1996.0057692961652
3775,1981.7579114838459
3776,1998.637239485971
3777,1990.4211826525705
3778,1993.2906313320075
3779,2007.2233852603151
3780,1995.3089380457666
3781,1988.8795967907029
3782,2001.7125826099875
3783,1991.3770716604358
3784,1986.572090586984
3785,1985.6002402506467
3786,1992.621770421342
3787,1990.9159934157722
3788,1981.9333488881566
3789,1990.7333518761511
3790,1998.407886678078
3791,1988.3435266726253
3792,1992.5038073425192
3793,1997.7120161246628
3794,2005.1007057369998
3795,1995.447639192308
3796,1984.7189789724202
3797,1988.9978493793078
3798,2001.1953835971644
3799,1997.7042648357422
3800,2001.5086169520898
3801,1983.3485624456496
3802,1984.6897810485448
3803,1987.546387565989
3804,1985.5773733923286
3805,1998.683214858606
3806,1992.0541979517907
3807,1995.1422304699768
3808,2005.1537990086265
3809,1987.7147088257436
3810,1987.1302703861509
3811,2006.0306587690357
3812,1986.8947637048925
3813,1991.559035451254
3814,1986.1618854473293
3815,1988.9500310206731
3816,1994.892392578917
3817,1992.9740066006968
3818,1993.067181086203
3819,2001.1676172777175
3820,1973.3932945466156
3821,2000.5253001947376
3822,1990.1317742700962
3823,2004.1510486908571
3824,1999.046585360375
3825,1985.0431852868498
3826,1997.9758780597738
3827,1988.5185142181388
3828,1996.0618829683597
3829,2002.9520244812982
3830,1993.6207004433418
3831,1991.702210449139
3832,1989.2873384040322
3833,1997.5847321439335
3834,1993.6882046742792
3835,1983.1047058672177
3836,1986.7311887067503
3837,1996.5683608839431
3838,1987.2197674291747
3839,1992.1370875019325
3840,2002.3186272727396
3841,1993.5953424702107
3842,1996.6560365451078
3843,1992.8750569565611
3844,1986.730400621889
3845,1996.9362096841055
3846,1996.1387446096078
3847,1991.5387121881977
3848,2007.3858865396799
3849,1983.292019342546
3850,1990.9501815666952
3851,1992.6825583399684
3852,1994.465047031803
3853,1998.4241727711917
3854,1992.9827425181616
3855,1999.3500384727151
3856,1989.936140264035
3857,1995.2915249084192
3858,1998.066605357878
3859,1991.4227135429962
3860,1982.9440178760494
3861,2000.8994281214227
3862,1996.6523451235516
3863,1987.6741865524546
3864,1997.7428446352853
3865,1990.0943197330184
3866,1986.6089327512411
3867,2001.4730592068543
3868,1984.6887842457493
3869,1984.2066771066818
3870,2001.6923513684794
3871,1994.3786991564036
3872,1987.8450778292793
3873,1989.5827170059692
3874,1985.4564899187
3875,1985.1119060203448
3876,1993.3547510640508
3877,1986.427732299997
3878,1997.2623650540704
3879,1992.0163095378925
3880,1982.2238689349817
3881,1983.0942136503686
3882,1996.232773040878
3883,1990.3479426974156
3884,1979.3645749370924
3885,2001.8005663985439
3886,2005.7738168834708
3887,1984.374870933155
3888,1988.9188283214469
3889,1987.6474856380548
3890,2001.9324310320999
3891,2007.0543632763863
3892,1990.9454626314466
3893,1985.7762160577702
3894,1999.68325951695
3895,1994.620606042867
3896,1999.337597030235
3897,1998.4070402064126
3898,2001.0024916020486
3899,1983.958778606439
3900,1985.3940184474434
3901,1993.2665344874413
3902,1993.2442422481865
3903,1987.6632003420762
3904,1991.5864843477332
3905,1989.201496054255
3906,1995.849278432555
3907,1994.0918427230574
3908,1986.852560189334
3909,1992.9603327190014
3910,1983.439085975016
3911,1989.241317541605
3912,1990.3364563128227
3913,1986.648145619012
3914,1988.45322287154
3915,1992.7887431632514
3916,1999.5285359676886
3917,1988.0675835067261
3918,1996.9631879979554
3919,1985.688235544991
3920,1986.8094287462382
3921,1999.355135108036
3922,1992.4230230564438
3923,1993.257536538619
3924,1992.7391132152602
3925,1983.827171237019
3926,1997.7115081913128
3927,1990.3758754237112
3928,1989.7074343315617
3929,1985.783534899824
3930,1985.6325949085629
3931,2001.8743309191527
3932,1992.6032392470727
3933,1992.110656254216
3934,1989.0227016689375
3935,1992.706417577548
3936,1999.904201302591
3937,1990.0398781575398
3938,2000.885907836091
3939,1996.101124737582
3940,2001.0574864618015
3941,1988.098224316324
3942,1992.908215548975
3943,1987.7078347529034
3944,2000.5425495914374
3945,1981.7998392711947
3946,1989.2014304298568
3947,1986.1187791947862
3948,1996.6394231944184
3949,1989.2001173375788
3950,1974.9810909931043
3951,1984.9966780729922
3952,2004.7215949095882
3953,1995.4780513205017
3954,1983.236194749594
3955,1991.843197355867
3956,1996.245744468273
3957,1979.5535993660062
3958,1992.2585109302163
3959,1991.369843680672
3960,1990.0076286090684
3961,1991.4428642980126
3962,1984.652427003415
3963,1978.9887242537345
3964,1991.7647589954531
3965,1991.8329079057658
3966,1998.7703591571715
3967,1989.4510218795485
3968,1991.942236818814
3969,1983.585147346051
3970,1990.9306683908078
3971,1983.680991174096
3972,1982.0793535733899
3973,1990.415765836927
3974,2003.5867595484765
3975,1975.4378078902303
3976,1997.5138589411736
3977,1985.7872169958675
3978,1988.6923953378239
3979,2001.2965615798278
3980,1993.2784224642953
3981,1991.783252228415
3982,1990.975440102475
3983,1995.308414244124
3984,1989.24894953208
3985,1989.4231609427375
3986,1983.3101259891107
3987,1993.9277632116934
3988,1988.8418927634623
3989,1985.6940520680357
3990,1992.142734198955
3991,1993.2720877698516
3992,1990.3840835754543
3993,1994.0402786694647
3994,1987.9657470411344
3995,1997.7699684876031
3996,1978.8355828080137
3997,1995.0419765509373
3998,2002.991102417556
3999,1995.170086454608
4000,1986.8418090868481
4001,1997.3706234442184
4002,2005.1143686015823
4003,1993.8550886358573
4004,1999.0312726680404
4005,1979.6582790042335
4006,1991.754664636119
4007,2009.153952309098
4008,1993.7747699769322
4009,1990.749843501976
4010,1991.7865461856695
4011,2004.1801402660476
4012,1989.9934648597598
4013,1989.1163973440994
4014,1993.410618873773
4015,1988.7315627917856
4016,2001.4876714176723
4017,1993.6012295727205
4018,2000.213526144258
4019,1997.6011899970017
4020,2002.763118336421
4021,1988.118626718306
4022,1992.9999505244475
4023,1992.232408180621
4024,1990.5641389627
4025,1998.7136202520526
4026,1991.1354815440584
4027,2002.0364785388927
4028,1992.872563769186
4029,1985.923690210511
4030,1986.2597306732966
4031,1988.0585900138622
4032,1988.8002816433834
4033,2005.145878326028
4034,1993.3991092504386
4035,1989.4419022235645
4036,2001.222530035135
4037,2000.2573027298902
4038,2003.9963181368294
4039,2003.71922934468
4040,1987.323389360351
4041,2004.1428587247897
4042,1988.4137084424053
4043,1989.0983361874603
4044,1990.8172482649422
4045,1988.942384270834
4046,1992.6880919106038
4047,1999.2189205213006
4048,1998.7937459932134
4049,1989.6362837011277
4050,1987.5638841818884
4051,1991.5036481318268
4052,1985.5900144555428
4053,2012.0122132859926
4054,1997.6318277608
4055,1991.9507871635149
4056,1995.0946021782618
4057,1992.4789670577704
4058,1984.9937253838782
4059,1992.114078696056
4060,1995.265699428721
4061,1990.4608013452623
4062,1990.2065979436563
4063,1995.615936364405
4064,1989.7426831215312
4065,1989.8053309199393
4066,1993.9579469776804
4067,1989.708582388771
4068,1989.9401021294364
4069,1993.672579704976
4070,2004.531274394104
4071,1986.579880594945
4072,1982.9386611444952
4073,1988.112145352059
4074,1997.2211745037168
4075,1988.2668988744783
4076,2002.2697317453424
4077,1989.9846222076571
4078,1995.1328045590737
4079,2002.8694841753331
4080,1999.5494822234198
4081,1979.6933609618432
4082,1994.9080189275078
4083,1986.0871457766123
4084,1999.5163907413423
4085,1988.8110277246308
4086,1998.6122757235605
4087,2002.0776848529295
4088,1992.3743755450012
4089,1981.3686479121545
4090,1992.6811199151985
4091,1996.6605960761394
4092,1985.3468903194437
4093,1985.4973207973337
4094,1983.0976367605228
4095,1989.7606636186968
4096,1997.7175940483526
4097,1986.8738435280547
4098,1997.043359980028
4099,1980.814543788704
4100,1999.7884189396407
4101,1994.0195977317032
4102,1983.7093388247579
4103,1998.7817178887058
4104,1990.4734161805347
4105,1983.6179543266126
4106,1985.647137684522
4107,1996.1866684901213
4108,1982.8528312913124
4109,2001.4307253592435
4110,1990.0014478410471
4111,1984.6379872203752
4112,1986.5210079421058
4113,1987.5361113892288
4114,1997.8299654943266
4115,1987.8001472034873
4116,1998.0144670498369
4117,1981.1184369682042
4118,1989.863754818358
4119,1988.6889377074874
4120,1980.4338360456911
4121,2002.0642025108934
4122,1992.065128907266
4123,1990.911543783155
4124,1994.8314604410875
4125,1989.8520333304918
4126,1988.8498081425305
4127,2001.0189646215272
4128,1994.5930597381928
4129,1992.108079493558
4130,1990.8852557055907
4131,1984.3839395008997
4132,1986.8580785560616
4133,1993.970425357759
4134,1991.3673057139245
4135,1997.8210277225637
4136,1989.5428756703745
4137,1989.4160006846732
4138,1988.5901091574078
4139,1989.4978409828348
4140,1999.2543773437196
4141,1995.8544450646962
4142,1982.3195031821888
4143,2002.5064681776153
4144,1987.356964861871
4145,1992.304208107453
4146,2002.299101996694
4147,1996.4187803356076
4148,1998.1739002555678
4149,1985.5219310751725
4150,1989.5764045038254
4151,1991.9339813515833
4152,1999.5302851551746
4153,1994.6858712149606
4154,2003.3225321513955
4155,1989.3154468339496
4156,1977.3911495092736
4157,1993.9200025068528
4158,1989.4079242517562
4159,1988.6648499815394
4160,1993.2174270568646
4161,1991.6843872271588
4162,1987.5714439393716
4163,1992.4800212716116
4164,1992.9670616757865
4165,1991.6427752560674
4166,1991.4423726943758
4167,1990.2334370525816
4168,1988.316146952259
4169,1991.7451226558517
4170,2005.2973291065384
4171,2000.5954290738607
4172,1984.5868799177485
4173,2002.3744723387674
4174,1992.5143858109666
4175,1986.3785757039934
4176,1996.0835650583201
4177,1989.3074492900807
4178,1989.1343788743143
4179,1978.7405589930872
4180,1993.0923543152915
4181,1991.7198965418877
4182,1984.045565461757
4183,1995.6751138590032
4184,2003.0809049749698
4185,1988.5007120926582
4186,1997.6732486303458
4187,1993.1626043381
4188,2005.159006938679
4189,1995.3719159857471
4190,1990.9547858055053
4191,1991.5647989693227
4192,1987.7979017578866
4193,1990.6580671729866
4194,1998.1713571379423
4195,1993.7933645081491
4196,1985.9955640854555
4197,1990.2672139308695
4198,1995.98578780697
4199,1996.0686051125242
4200,1987.1441595962547
4201,1984.1421170624888
4202,1995.2512259247283
4203,2001.4006213061516
4204,1988.5411894183737
4205,1984.838533190148
4206,1991.4351977138801
